-- phpMyAdmin SQL Dump
-- version 5.2.0
-- https://www.phpmyadmin.net/
--
-- Host: 127.0.0.1
-- Waktu pembuatan: 18 Feb 2026 pada 19.00
-- Versi server: 10.4.25-MariaDB
-- Versi PHP: 8.1.10

SET SQL_MODE = "NO_AUTO_VALUE_ON_ZERO";
START TRANSACTION;
SET time_zone = "+00:00";


/*!40101 SET @OLD_CHARACTER_SET_CLIENT=@@CHARACTER_SET_CLIENT */;
/*!40101 SET @OLD_CHARACTER_SET_RESULTS=@@CHARACTER_SET_RESULTS */;
/*!40101 SET @OLD_COLLATION_CONNECTION=@@COLLATION_CONNECTION */;
/*!40101 SET NAMES utf8mb4 */;

--
-- Database: `db_stok`
--

-- --------------------------------------------------------

--
-- Struktur dari tabel `tabel_barang`
--

CREATE TABLE `tabel_barang` (
  `id_barang` int(11) NOT NULL,
  `nama_barang` varchar(100) NOT NULL,
  `kategori_barang` varchar(50) NOT NULL DEFAULT 'Non Produksi',
  `id_satuan` int(11) NOT NULL,
  `stok_awal` int(11) NOT NULL DEFAULT 0,
  `stok_minimum` int(11) NOT NULL DEFAULT 0,
  `status_barang` varchar(20) NOT NULL DEFAULT 'Aktif'
) ENGINE=InnoDB DEFAULT CHARSET=utf8mb4;

--
-- Dumping data untuk tabel `tabel_barang`
--

INSERT INTO `tabel_barang` (`id_barang`, `nama_barang`, `kategori_barang`, `id_satuan`, `stok_awal`, `stok_minimum`, `status_barang`) VALUES
(1, 'Beans', 'Produksi', 1, 161, 150, 'Aktif'),
(2, 'UHT', 'Produksi', 3, 40, 0, 'Aktif'),
(3, 'Aren Dus', 'Produksi', 3, 49, 100, 'Aktif'),
(4, 'Aren \r\n', 'Produksi', 3, 0, 0, 'Aktif'),
(5, 'Sauce Caramel', 'Produksi', 2, 62, 0, 'Aktif'),
(6, 'SKM', 'Produksi', 2, 168, 0, 'Aktif'),
(7, 'Crumble', 'Produksi', 1, 8, 0, 'Aktif'),
(8, 'Sirup Caramel', 'Produksi', 2, 104, 0, 'Aktif'),
(9, 'Sirup Butterscotch', 'Produksi', 2, 52, 0, 'Aktif'),
(10, 'Sirup Tiramisu', 'Produksi', 2, 0, 0, 'Non-Aktif'),
(11, 'Sirup Hazelnut', 'Produksi', 2, 83, 0, 'Aktif'),
(12, 'Sirup Vanilla', 'Produksi', 2, 77, 0, 'Aktif'),
(13, 'Sirup Pistachio', 'Produksi', 2, 15, 0, 'Aktif'),
(14, 'Sirup Irish', 'Produksi', 2, 95, 0, 'Aktif'),
(15, 'Santan Kara', 'Produksi', 2, 3, 0, 'Aktif'),
(16, 'Galon\r\n', 'Produksi', 2, 7, 0, 'Aktif'),
(17, 'Krimer A', 'Produksi', 1, 4, 0, 'Aktif'),
(18, 'Krimer B', 'Produksi', 1, 12, 0, 'Aktif'),
(19, 'Krimer C', 'Produksi', 1, 21, 0, 'Aktif'),
(20, 'Powder coklat', 'Produksi', 1, 4, 0, 'Aktif'),
(21, 'Powder Matcha', 'Produksi', 1, 22, 0, 'Aktif'),
(22, 'Powder susu coklat', 'Produksi', 1, 0, 0, 'Aktif'),
(23, 'Powder Milo', 'Produksi', 2, 8, 0, 'Aktif'),
(24, 'Powder Red Velvet', 'Produksi', 1, 12, 0, 'Aktif'),
(25, 'Garam', 'Produksi', 1, 1, 0, 'Aktif'),
(26, 'Cup', 'Produksi', 2, 20675, 0, 'Aktif'),
(27, 'Cup Special', 'Produksi', 2, 0, 0, 'Aktif'),
(28, 'Plastik Single', 'Produksi', 3, 3, 0, 'Aktif'),
(29, 'Plastik Double', 'Produksi', 3, 13, 0, 'Aktif'),
(30, 'Plastik Sampah', 'Produksi', 3, 2, 0, 'Aktif'),
(31, 'Plastik Pack', 'Produksi', 3, 3, 0, 'Aktif'),
(32, 'Trashbag', 'Produksi', 3, 1, 0, 'Aktif'),
(33, 'Baterai AAA', 'Produksi', 3, 12, 10, 'Aktif'),
(34, 'Sunlight', 'Produksi', 2, 2, 0, 'Aktif'),
(35, 'Soklin', 'Produksi', 2, 2, 0, 'Aktif'),
(36, 'Clinc', 'Non Produksi', 2, 0, 0, 'Aktif'),
(37, 'CIF', 'Non Produksi', 2, 0, 0, 'Aktif'),
(38, 'Sponge', 'Non Produksi', 2, 3, 0, 'Aktif'),
(39, 'Tisu', 'Non Produksi', 2, 0, 0, 'Aktif'),
(40, 'Karbol', 'Produksi', 2, 1, 0, 'Aktif'),
(46, 'Plastik Futsal', 'Produksi', 3, 5, 0, 'Aktif'),
(47, 'Sauce Caramel bal', 'Produksi', 3, 0, 0, 'Aktif'),
(48, 'SKM bal', 'Produksi', 3, 0, 0, 'Aktif');

-- --------------------------------------------------------

--
-- Struktur dari tabel `tabel_barang_keluar`
--

CREATE TABLE `tabel_barang_keluar` (
  `id_keluar` int(11) NOT NULL,
  `tanggal_keluar` date NOT NULL,
  `id_barang` int(11) NOT NULL,
  `id_tujuan` int(11) NOT NULL,
  `jumlah_keluar` decimal(10,2) NOT NULL,
  `keterangan_darurat` varchar(255) DEFAULT NULL,
  `id_pengguna_pencatat` int(11) NOT NULL,
  `created_at` timestamp NOT NULL DEFAULT current_timestamp()
) ENGINE=InnoDB DEFAULT CHARSET=utf8mb4;

--
-- Dumping data untuk tabel `tabel_barang_keluar`
--

INSERT INTO `tabel_barang_keluar` (`id_keluar`, `tanggal_keluar`, `id_barang`, `id_tujuan`, `jumlah_keluar`, `keterangan_darurat`, `id_pengguna_pencatat`, `created_at`) VALUES
(1, '2025-11-02', 17, 1, '1.00', '', 1, '2025-12-02 08:37:45'),
(2, '2025-11-02', 19, 1, '1.00', '', 1, '2025-12-02 08:37:45'),
(3, '2025-11-02', 2, 1, '3.00', '', 1, '2025-12-02 08:37:45'),
(4, '2025-11-03', 17, 1, '1.00', '', 1, '2025-12-02 08:37:45'),
(5, '2025-11-03', 18, 1, '1.00', '', 1, '2025-12-02 08:37:45'),
(6, '2025-11-03', 17, 1, '1.00', '', 1, '2025-12-02 08:37:45'),
(7, '2025-11-03', 20, 1, '1.00', '', 1, '2025-12-02 08:37:45'),
(8, '2025-11-03', 21, 1, '1.00', '', 1, '2025-12-02 08:37:45'),
(9, '2025-11-03', 6, 1, '4.00', '', 1, '2025-12-02 08:37:45'),
(10, '2025-11-03', 2, 1, '4.00', '', 1, '2025-12-02 08:37:45'),
(11, '2025-11-03', 3, 1, '1.00', '', 1, '2025-12-02 08:37:45'),
(12, '2025-11-03', 6, 1, '7.00', '', 1, '2025-12-02 08:37:45'),
(13, '2025-11-03', 20, 1, '1.00', '', 1, '2025-12-02 08:37:45'),
(14, '2025-11-03', 17, 1, '1.00', '', 1, '2025-12-02 08:37:45'),
(15, '2025-11-03', 2, 1, '4.00', '', 1, '2025-12-02 08:37:45'),
(16, '2025-11-03', 24, 1, '1.00', '', 1, '2025-12-02 08:37:45'),
(17, '2025-11-03', 15, 1, '2.00', '', 1, '2025-12-02 08:37:45'),
(18, '2025-11-03', 7, 1, '1.00', '', 1, '2025-12-02 08:37:45'),
(19, '2025-11-03', 23, 1, '15.00', '', 1, '2025-12-02 08:37:45'),
(20, '2025-11-03', 5, 1, '6.00', '', 1, '2025-12-02 08:37:45'),
(21, '2025-11-04', 6, 1, '4.00', '', 1, '2025-12-02 08:37:45'),
(22, '2025-11-04', 2, 1, '2.00', '', 1, '2025-12-02 08:37:45'),
(23, '2025-11-04', 20, 1, '1.00', '', 1, '2025-12-02 08:37:45'),
(24, '2025-11-04', 15, 1, '2.00', '', 1, '2025-12-02 08:37:45'),
(25, '2025-11-04', 21, 1, '1.00', '', 1, '2025-12-02 08:37:45'),
(26, '2025-11-04', 24, 1, '1.00', '', 1, '2025-12-02 08:37:45'),
(27, '2025-11-04', 23, 1, '2.00', '', 1, '2025-12-02 08:37:45'),
(28, '2025-11-04', 1, 1, '50.00', '', 1, '2025-12-02 08:37:45'),
(29, '2025-11-04', 31, 1, '1.00', '', 1, '2025-12-02 08:37:45'),
(30, '2025-11-04', 23, 1, '1.00', '', 1, '2025-12-02 08:37:45'),
(31, '2025-11-04', 22, 1, '1.00', '', 1, '2025-12-02 08:37:45'),
(32, '2025-11-04', 23, 1, '13.00', '', 1, '2025-12-02 08:37:45'),
(33, '2025-11-04', 5, 1, '4.00', '', 1, '2025-12-02 08:37:45'),
(34, '2025-11-04', 18, 1, '1.00', '', 1, '2025-12-02 08:37:45'),
(35, '2025-11-05', 6, 1, '3.00', '', 1, '2025-12-02 08:37:45'),
(36, '2025-11-05', 2, 1, '4.00', '', 1, '2025-12-02 08:37:45'),
(37, '2025-11-05', 23, 1, '1.00', '', 1, '2025-12-02 08:37:45'),
(38, '2025-11-05', 19, 1, '1.00', '', 1, '2025-12-02 08:37:45'),
(39, '2025-11-05', 6, 1, '2.00', '', 1, '2025-12-02 08:37:45'),
(40, '2025-11-05', 20, 1, '1.00', '', 1, '2025-12-02 08:37:45'),
(41, '2025-11-05', 15, 1, '1.00', '', 1, '2025-12-02 08:37:45'),
(42, '2025-11-05', 17, 1, '3.00', '', 1, '2025-12-02 08:37:45'),
(43, '2025-11-05', 23, 1, '17.00', '', 1, '2025-12-02 08:37:45'),
(44, '2025-11-05', 5, 1, '4.00', '', 1, '2025-12-02 08:37:45'),
(45, '2025-11-05', 23, 1, '1.00', '', 1, '2025-12-02 08:37:45'),
(46, '2025-11-05', 18, 1, '1.00', '', 1, '2025-12-02 08:37:45'),
(47, '2025-11-06', 17, 1, '1.00', '', 1, '2025-12-02 08:37:45'),
(48, '2025-11-06', 6, 1, '2.00', '', 1, '2025-12-02 08:37:45'),
(49, '2025-11-06', 7, 1, '1.00', '', 1, '2025-12-02 08:37:45'),
(50, '2025-11-06', 2, 1, '5.00', '', 1, '2025-12-02 08:37:45'),
(51, '2025-11-06', 5, 1, '1.00', '', 1, '2025-12-02 08:37:45'),
(52, '2025-11-06', 23, 1, '1.00', '', 1, '2025-12-02 08:37:45'),
(53, '2025-11-06', 6, 1, '2.00', '', 1, '2025-12-02 08:37:45'),
(54, '2025-11-06', 20, 1, '1.00', '', 1, '2025-12-02 08:37:45'),
(55, '2025-11-06', 17, 1, '2.00', '', 1, '2025-12-02 08:37:45'),
(56, '2025-11-06', 2, 1, '2.00', '', 1, '2025-12-02 08:37:45'),
(57, '2025-11-06', 15, 1, '2.00', '', 1, '2025-12-02 08:37:45'),
(58, '2025-11-06', 6, 1, '20.00', '', 1, '2025-12-02 08:37:45'),
(59, '2025-11-06', 7, 1, '2.00', '', 1, '2025-12-02 08:37:45'),
(60, '2025-11-06', 17, 1, '10.00', '', 1, '2025-12-02 08:37:45'),
(61, '2025-11-06', 20, 1, '3.00', '', 1, '2025-12-02 08:37:45'),
(62, '2025-11-06', 21, 1, '4.00', '', 1, '2025-12-02 08:37:45'),
(63, '2025-11-06', 24, 1, '4.00', '', 1, '2025-12-02 08:37:45'),
(64, '2025-11-06', 23, 1, '36.00', '', 1, '2025-12-02 08:37:45'),
(65, '2025-11-06', 33, 1, '6.00', '', 1, '2025-12-02 08:37:45'),
(66, '2025-11-06', 23, 1, '9.00', '', 1, '2025-12-02 08:37:45'),
(67, '2025-11-06', 5, 1, '3.00', '', 1, '2025-12-02 08:37:45'),
(68, '2025-11-06', 23, 1, '1.00', '', 1, '2025-12-02 08:37:45'),
(69, '2025-11-06', 5, 1, '1.00', '', 1, '2025-12-02 08:37:45'),
(70, '2025-11-07', 6, 1, '5.00', '', 1, '2025-12-02 08:37:45'),
(71, '2025-11-07', 21, 1, '1.00', '', 1, '2025-12-02 08:37:45'),
(72, '2025-11-07', 7, 1, '1.00', '', 1, '2025-12-02 08:37:45'),
(73, '2025-11-07', 2, 1, '3.00', '', 1, '2025-12-02 08:37:45'),
(74, '2025-11-07', 20, 1, '1.00', '', 1, '2025-12-02 08:37:45'),
(75, '2025-11-07', 17, 1, '1.00', '', 1, '2025-12-02 08:37:45'),
(76, '2025-11-07', 19, 1, '1.00', '', 1, '2025-12-02 08:37:45'),
(77, '2025-11-07', 2, 1, '10.00', '', 1, '2025-12-02 08:37:45'),
(78, '2025-11-07', 5, 1, '4.00', '', 1, '2025-12-02 08:37:45'),
(79, '2025-11-07', 15, 1, '8.00', '', 1, '2025-12-02 08:37:45'),
(80, '2025-11-07', 33, 1, '6.00', '', 1, '2025-12-02 08:37:45'),
(81, '2025-11-07', 22, 1, '2.00', '', 1, '2025-12-02 08:37:45'),
(82, '2025-11-07', 23, 1, '18.00', '', 1, '2025-12-02 08:37:45'),
(83, '2025-11-07', 33, 1, '12.00', '', 1, '2025-12-02 08:37:45'),
(84, '2025-11-07', 5, 1, '1.00', '', 1, '2025-12-02 08:37:45'),
(85, '2025-11-07', 17, 1, '1.00', '', 1, '2025-12-02 08:37:45'),
(86, '2025-11-07', 6, 1, '3.00', '', 1, '2025-12-02 08:37:45'),
(87, '2025-11-07', 15, 1, '1.00', '', 1, '2025-12-02 08:37:45'),
(88, '2025-11-07', 18, 1, '1.00', '', 1, '2025-12-02 08:37:45'),
(89, '2025-11-07', 23, 1, '2.00', '', 1, '2025-12-02 08:37:45'),
(90, '2025-11-07', 33, 1, '2.00', '', 1, '2025-12-02 08:37:45'),
(91, '2025-11-07', 17, 1, '1.00', '', 1, '2025-12-02 08:37:45'),
(92, '2025-11-07', 6, 1, '4.00', '', 1, '2025-12-02 08:37:45'),
(93, '2025-11-07', 22, 1, '1.00', '', 1, '2025-12-02 08:37:45'),
(94, '2025-11-07', 20, 1, '1.00', '', 1, '2025-12-02 08:37:45'),
(95, '2025-11-07', 15, 1, '1.00', '', 1, '2025-12-02 08:37:45'),
(96, '2025-11-07', 5, 1, '4.00', '', 1, '2025-12-02 08:37:45'),
(97, '2025-11-07', 23, 1, '16.00', '', 1, '2025-12-02 08:37:45'),
(98, '2025-11-08', 23, 1, '2.00', '', 1, '2025-12-02 08:37:45'),
(99, '2025-11-08', 2, 1, '4.00', '', 1, '2025-12-02 08:37:45'),
(100, '2025-11-08', 5, 1, '1.00', '', 1, '2025-12-02 08:37:45'),
(101, '2025-11-08', 17, 1, '1.00', '', 1, '2025-12-02 08:37:45'),
(102, '2025-11-08', 19, 1, '1.00', '', 1, '2025-12-02 08:37:45'),
(103, '2025-11-08', 6, 1, '3.00', '', 1, '2025-12-02 08:37:45'),
(104, '2025-11-08', 2, 1, '1.00', '', 1, '2025-12-02 08:37:45'),
(105, '2025-11-08', 15, 1, '1.00', '', 1, '2025-12-02 08:37:45'),
(106, '2025-11-08', 18, 1, '1.00', '', 1, '2025-12-02 08:37:45'),
(107, '2025-11-08', 5, 1, '1.00', '', 1, '2025-12-02 08:37:45'),
(108, '2025-11-08', 5, 1, '6.00', '', 1, '2025-12-02 08:37:45'),
(109, '2025-11-08', 23, 1, '16.00', '', 1, '2025-12-02 08:37:45'),
(110, '2025-11-08', 23, 1, '2.00', '', 1, '2025-12-02 08:37:45'),
(111, '2025-11-08', 17, 1, '1.00', '', 1, '2025-12-02 08:37:45'),
(112, '2025-11-09', 2, 1, '1.00', '', 1, '2025-12-02 08:37:45'),
(113, '2025-11-09', 17, 1, '1.00', '', 1, '2025-12-02 08:37:45'),
(114, '2025-11-09', 22, 1, '1.00', '', 1, '2025-12-02 08:37:45'),
(115, '2025-11-09', 20, 1, '1.00', '', 1, '2025-12-02 08:37:45'),
(116, '2025-11-09', 21, 1, '1.00', '', 1, '2025-12-02 08:37:45'),
(117, '2025-11-09', 6, 1, '4.00', '', 1, '2025-12-02 08:37:45'),
(118, '2025-11-09', 2, 1, '4.00', '', 1, '2025-12-02 08:37:45'),
(119, '2025-11-09', 7, 1, '1.00', '', 1, '2025-12-02 08:37:45'),
(120, '2025-11-09', 23, 1, '5.00', '', 1, '2025-12-02 08:37:45'),
(121, '2025-11-09', 2, 1, '2.00', '', 1, '2025-12-02 08:37:45'),
(122, '2025-11-09', 5, 1, '7.00', '', 1, '2025-12-02 08:37:45'),
(123, '2025-11-09', 23, 1, '13.00', '', 1, '2025-12-02 08:37:45'),
(124, '2025-11-09', 23, 1, '2.00', '', 1, '2025-12-02 08:37:45'),
(125, '2025-11-09', 17, 1, '1.00', '', 1, '2025-12-02 08:37:45'),
(126, '2025-11-10', 17, 1, '1.00', '', 1, '2025-12-02 08:37:45'),
(127, '2025-11-10', 20, 1, '1.00', '', 1, '2025-12-02 08:37:45'),
(128, '2025-11-10', 24, 1, '1.00', '', 1, '2025-12-02 08:37:45'),
(129, '2025-11-10', 7, 1, '1.00', '', 1, '2025-12-02 08:37:45'),
(130, '2025-11-10', 6, 1, '5.00', '', 1, '2025-12-02 08:37:45'),
(131, '2025-11-10', 15, 1, '2.00', '', 1, '2025-12-02 08:37:45'),
(132, '2025-11-10', 5, 1, '1.00', '', 1, '2025-12-02 08:37:45'),
(133, '2025-11-10', 23, 1, '2.00', '', 1, '2025-12-02 08:37:45'),
(134, '2025-11-10', 23, 1, '1.00', '', 1, '2025-12-02 08:37:45'),
(135, '2025-11-10', 2, 1, '2.00', '', 1, '2025-12-02 08:37:45'),
(136, '2025-11-10', 19, 1, '1.00', '', 1, '2025-12-02 08:37:45'),
(137, '2025-11-10', 6, 1, '2.00', '', 1, '2025-12-02 08:37:45'),
(138, '2025-11-10', 23, 1, '17.00', '', 1, '2025-12-02 08:37:45'),
(139, '2025-11-10', 5, 1, '7.00', '', 1, '2025-12-02 08:37:45'),
(140, '2025-11-10', 17, 1, '1.00', '', 1, '2025-12-02 08:37:45'),
(141, '2025-11-10', 18, 1, '1.00', '', 1, '2025-12-02 08:37:45'),
(142, '2025-11-11', 17, 1, '1.00', '', 1, '2025-12-02 08:37:45'),
(143, '2025-11-11', 6, 1, '2.00', '', 1, '2025-12-02 08:37:45'),
(144, '2025-11-11', 25, 1, '1.00', '', 1, '2025-12-02 08:37:45'),
(145, '2025-11-11', 23, 1, '2.00', '', 1, '2025-12-02 08:37:45'),
(146, '2025-11-11', 23, 1, '1.00', '', 1, '2025-12-02 08:37:45'),
(147, '2025-11-11', 23, 1, '1.00', '', 1, '2025-12-02 08:37:45'),
(148, '2025-11-11', 17, 1, '1.00', '', 1, '2025-12-02 08:37:45'),
(149, '2025-11-11', 6, 1, '4.00', '', 1, '2025-12-02 08:37:45'),
(150, '2025-11-11', 2, 1, '1.00', '', 1, '2025-12-02 08:37:45'),
(151, '2025-11-11', 24, 1, '1.00', '', 1, '2025-12-02 08:37:45'),
(152, '2025-11-11', 21, 1, '1.00', '', 1, '2025-12-02 08:37:45'),
(153, '2025-11-11', 20, 1, '1.00', '', 1, '2025-12-02 08:37:45'),
(154, '2025-11-11', 15, 1, '2.00', '', 1, '2025-12-02 08:37:45'),
(155, '2025-11-11', 18, 1, '1.00', '', 1, '2025-12-02 08:37:45'),
(156, '2025-11-11', 5, 1, '3.00', '', 1, '2025-12-02 08:37:45'),
(157, '2025-11-11', 23, 1, '4.00', '', 1, '2025-12-02 08:37:45'),
(158, '2025-11-12', 2, 1, '5.00', '', 1, '2025-12-02 08:37:45'),
(159, '2025-11-12', 6, 1, '4.00', '', 1, '2025-12-02 08:37:45'),
(160, '2025-11-12', 17, 1, '1.00', '', 1, '2025-12-02 08:37:45'),
(161, '2025-11-12', 19, 1, '1.00', '', 1, '2025-12-02 08:37:45'),
(162, '2025-11-12', 7, 1, '1.00', '', 1, '2025-12-02 08:37:45'),
(163, '2025-11-12', 15, 1, '2.00', '', 1, '2025-12-02 08:37:45'),
(164, '2025-11-12', 20, 1, '1.00', '', 1, '2025-12-02 08:37:45'),
(165, '2025-11-12', 23, 1, '2.00', '', 1, '2025-12-02 08:37:45'),
(166, '2025-11-12', 5, 1, '1.00', '', 1, '2025-12-02 08:37:45'),
(167, '2025-11-12', 1, 1, '50.00', '', 1, '2025-12-02 08:37:45'),
(168, '2025-11-12', 5, 1, '1.00', '', 1, '2025-12-02 08:37:45'),
(169, '2025-11-12', 33, 1, '2.00', '', 1, '2025-12-02 08:37:45'),
(170, '2025-11-12', 6, 1, '4.00', '', 1, '2025-12-02 08:37:45'),
(171, '2025-11-12', 17, 1, '1.00', '', 1, '2025-12-02 08:37:45'),
(172, '2025-11-12', 2, 1, '2.00', '', 1, '2025-12-02 08:37:45'),
(173, '2025-11-12', 5, 1, '4.00', '', 1, '2025-12-02 08:37:45'),
(174, '2025-11-12', 23, 1, '13.00', '', 1, '2025-12-02 08:37:45'),
(175, '2025-11-13', 17, 1, '1.00', '', 1, '2025-12-02 08:37:45'),
(176, '2025-11-13', 19, 1, '1.00', '', 1, '2025-12-02 08:37:45'),
(177, '2025-11-13', 2, 1, '4.00', '', 1, '2025-12-02 08:37:45'),
(178, '2025-11-13', 7, 1, '1.00', '', 1, '2025-12-02 08:37:45'),
(179, '2025-11-13', 23, 1, '1.00', '', 1, '2025-12-02 08:37:45'),
(180, '2025-11-13', 5, 1, '1.00', '', 1, '2025-12-02 08:37:45'),
(181, '2025-11-13', 6, 1, '2.00', '', 1, '2025-12-02 08:37:45'),
(182, '2025-11-13', 17, 1, '2.00', '', 1, '2025-12-02 08:37:45'),
(183, '2025-11-13', 15, 1, '1.00', '', 1, '2025-12-02 08:37:45'),
(184, '2025-11-13', 20, 1, '1.00', '', 1, '2025-12-02 08:37:45'),
(185, '2025-11-13', 2, 1, '2.00', '', 1, '2025-12-02 08:37:45'),
(186, '2025-11-13', 18, 1, '1.00', '', 1, '2025-12-02 08:37:45'),
(187, '2025-11-13', 21, 1, '1.00', '', 1, '2025-12-02 08:37:45'),
(188, '2025-11-13', 5, 1, '6.00', '', 1, '2025-12-02 08:37:45'),
(189, '2025-11-13', 23, 1, '15.00', '', 1, '2025-12-02 08:37:45'),
(190, '2025-11-13', 6, 1, '15.00', '', 1, '2025-12-02 08:37:45'),
(191, '2025-11-13', 18, 1, '3.00', '', 1, '2025-12-02 08:37:45'),
(192, '2025-11-13', 19, 1, '3.00', '', 1, '2025-12-02 08:37:45'),
(193, '2025-11-13', 20, 1, '2.00', '', 1, '2025-12-02 08:37:45'),
(194, '2025-11-13', 7, 1, '2.00', '', 1, '2025-12-02 08:37:45'),
(195, '2025-11-14', 15, 1, '2.00', '', 1, '2025-12-02 08:37:45'),
(196, '2025-11-14', 6, 1, '5.00', '', 1, '2025-12-02 08:37:45'),
(197, '2025-11-14', 2, 1, '3.00', '', 1, '2025-12-02 08:37:45'),
(198, '2025-11-14', 20, 1, '1.00', '', 1, '2025-12-02 08:37:45'),
(199, '2025-11-14', 17, 1, '1.00', '', 1, '2025-12-02 08:37:45'),
(200, '2025-11-14', 22, 1, '2.00', '', 1, '2025-12-02 08:37:45'),
(201, '2025-11-14', 6, 1, '4.00', '', 1, '2025-12-02 08:37:45'),
(202, '2025-11-14', 21, 1, '2.00', '', 1, '2025-12-02 08:37:45'),
(203, '2025-11-14', 23, 1, '17.00', '', 1, '2025-12-02 08:37:45'),
(204, '2025-11-14', 5, 1, '6.00', '', 1, '2025-12-02 08:37:45'),
(205, '2025-11-14', 17, 1, '2.00', '', 1, '2025-12-02 08:37:45'),
(206, '2025-11-14', 20, 1, '1.00', '', 1, '2025-12-02 08:37:45'),
(207, '2025-11-14', 15, 1, '2.00', '', 1, '2025-12-02 08:37:45'),
(208, '2025-11-14', 6, 1, '5.00', '', 1, '2025-12-02 08:37:45'),
(209, '2025-11-14', 18, 1, '1.00', '', 1, '2025-12-02 08:37:45'),
(210, '2025-11-15', 2, 1, '4.00', '', 1, '2025-12-02 08:37:45'),
(211, '2025-11-15', 23, 1, '1.00', '', 1, '2025-12-02 08:37:45'),
(212, '2025-11-15', 7, 1, '1.00', '', 1, '2025-12-02 08:37:45'),
(213, '2025-11-15', 5, 1, '2.00', '', 1, '2025-12-02 08:37:45'),
(214, '2025-11-15', 17, 1, '1.00', '', 1, '2025-12-02 08:37:45'),
(215, '2025-11-15', 19, 1, '1.00', '', 1, '2025-12-02 08:37:45'),
(216, '2025-11-15', 23, 1, '5.00', '', 1, '2025-12-02 08:37:45'),
(217, '2025-11-15', 5, 1, '1.00', '', 1, '2025-12-02 08:37:45'),
(218, '2025-11-16', 17, 1, '2.00', '', 1, '2025-12-02 08:37:45'),
(219, '2025-11-16', 20, 1, '1.00', '', 1, '2025-12-02 08:37:45'),
(220, '2025-11-16', 6, 1, '5.00', '', 1, '2025-12-02 08:37:45'),
(221, '2025-11-16', 2, 1, '4.00', '', 1, '2025-12-02 08:37:45'),
(222, '2025-11-16', 21, 1, '1.00', '', 1, '2025-12-02 08:37:45'),
(223, '2025-11-16', 7, 1, '1.00', '', 1, '2025-12-02 08:37:45'),
(224, '2025-11-16', 18, 1, '1.00', '', 1, '2025-12-02 08:37:45'),
(225, '2025-11-16', 23, 1, '6.00', '', 1, '2025-12-02 08:37:45'),
(226, '2025-11-16', 5, 1, '5.00', '', 1, '2025-12-02 08:37:45'),
(227, '2025-11-17', 17, 1, '1.00', '', 1, '2025-12-02 08:37:45'),
(228, '2025-11-17', 15, 1, '2.00', '', 1, '2025-12-02 08:37:45'),
(229, '2025-11-17', 20, 1, '1.00', '', 1, '2025-12-02 08:37:45'),
(230, '2025-11-17', 22, 1, '1.00', '', 1, '2025-12-02 08:37:45'),
(231, '2025-11-17', 6, 1, '5.00', '', 1, '2025-12-02 08:37:45'),
(232, '2025-11-17', 19, 1, '1.00', '', 1, '2025-12-02 08:37:45'),
(233, '2025-11-17', 23, 1, '2.00', '', 1, '2025-12-02 08:37:45'),
(234, '2025-11-17', 33, 1, '2.00', '', 1, '2025-12-02 08:37:45'),
(235, '2025-11-17', 2, 1, '4.00', '', 1, '2025-12-02 08:37:45'),
(236, '2025-11-17', 6, 1, '2.00', '', 1, '2025-12-02 08:37:45'),
(237, '2025-11-17', 17, 1, '2.00', '', 1, '2025-12-02 08:37:45'),
(238, '2025-11-17', 5, 1, '9.00', '', 1, '2025-12-02 08:37:45'),
(239, '2025-11-17', 23, 1, '15.00', '', 1, '2025-12-02 08:37:45'),
(240, '2025-11-17', 18, 1, '1.00', '', 1, '2025-12-02 08:37:45'),
(241, '2025-11-18', 17, 1, '1.00', '', 1, '2025-12-02 08:37:45'),
(242, '2025-11-18', 20, 1, '1.00', '', 1, '2025-12-02 08:37:45'),
(243, '2025-11-18', 6, 1, '4.00', '', 1, '2025-12-02 08:37:45'),
(244, '2025-11-18', 15, 1, '2.00', '', 1, '2025-12-02 08:37:45'),
(245, '2025-11-18', 24, 1, '1.00', '', 1, '2025-12-02 08:37:45'),
(246, '2025-11-18', 2, 1, '3.00', '', 1, '2025-12-02 08:37:45'),
(247, '2025-11-18', 22, 1, '1.00', '', 1, '2025-12-02 08:37:45'),
(248, '2025-11-18', 33, 1, '2.00', '', 1, '2025-12-02 08:37:45'),
(249, '2025-11-18', 23, 1, '1.00', '', 1, '2025-12-02 08:37:45'),
(250, '2025-11-18', 17, 1, '1.00', '', 1, '2025-12-02 08:37:45'),
(251, '2025-11-18', 19, 1, '1.00', '', 1, '2025-12-02 08:37:45'),
(252, '2025-11-18', 6, 1, '4.00', '', 1, '2025-12-02 08:37:45'),
(253, '2025-11-18', 23, 1, '3.00', '', 1, '2025-12-02 08:37:45'),
(254, '2025-11-18', 23, 1, '14.00', '', 1, '2025-12-02 08:37:45'),
(255, '2025-11-18', 5, 1, '6.00', '', 1, '2025-12-02 08:37:45'),
(256, '2025-11-19', 2, 1, '4.00', '', 1, '2025-12-02 08:37:45'),
(257, '2025-11-19', 17, 1, '1.00', '', 1, '2025-12-02 08:37:45'),
(258, '2025-11-19', 6, 1, '2.00', '', 1, '2025-12-02 08:37:45'),
(259, '2025-11-19', 15, 1, '2.00', '', 1, '2025-12-02 08:37:45'),
(260, '2025-11-19', 5, 1, '1.00', '', 1, '2025-12-02 08:37:45'),
(261, '2025-11-19', 17, 1, '2.00', '', 1, '2025-12-02 08:37:45'),
(262, '2025-11-19', 33, 1, '2.00', '', 1, '2025-12-02 08:37:45'),
(263, '2025-11-19', 5, 1, '4.00', '', 1, '2025-12-02 08:37:45'),
(264, '2025-11-19', 23, 1, '15.00', '', 1, '2025-12-02 08:37:45'),
(265, '2025-11-19', 33, 1, '2.00', '', 1, '2025-12-02 08:37:45'),
(266, '2025-11-19', 18, 1, '1.00', '', 1, '2025-12-02 08:37:45'),
(267, '2025-11-19', 7, 1, '1.00', '', 1, '2025-12-02 08:37:45'),
(268, '2025-11-19', 6, 1, '2.00', '', 1, '2025-12-02 08:37:45'),
(269, '2025-11-19', 20, 1, '1.00', '', 1, '2025-12-02 08:37:45'),
(270, '2025-11-19', 2, 1, '3.00', '', 1, '2025-12-02 08:37:45'),
(271, '2025-11-19', 15, 1, '1.00', '', 1, '2025-12-02 08:37:45'),
(272, '2025-11-19', 21, 1, '1.00', '', 1, '2025-12-02 08:37:45'),
(273, '2025-11-20', 5, 1, '1.00', '', 1, '2025-12-02 08:37:45'),
(274, '2025-11-20', 23, 1, '2.00', '', 1, '2025-12-02 08:37:45'),
(275, '2025-11-20', 6, 1, '4.00', '', 1, '2025-12-02 08:37:45'),
(276, '2025-11-20', 2, 1, '4.00', '', 1, '2025-12-02 08:37:45'),
(277, '2025-11-20', 17, 1, '1.00', '', 1, '2025-12-02 08:37:45'),
(278, '2025-11-20', 18, 1, '1.00', '', 1, '2025-12-02 08:37:45'),
(279, '2025-11-20', 5, 1, '2.00', '', 1, '2025-12-02 08:37:45'),
(280, '2025-11-20', 23, 1, '22.00', '', 1, '2025-12-02 08:37:45'),
(281, '2025-11-20', 5, 1, '1.00', '', 1, '2025-12-02 08:37:45'),
(282, '2025-11-20', 23, 1, '2.00', '', 1, '2025-12-02 08:37:45'),
(283, '2025-11-20', 17, 1, '3.00', '', 1, '2025-12-02 08:37:45'),
(284, '2025-11-20', 20, 1, '2.00', '', 1, '2025-12-02 08:37:45'),
(285, '2025-11-20', 6, 1, '15.00', '', 1, '2025-12-02 08:37:45'),
(286, '2025-11-20', 23, 1, '18.00', '', 1, '2025-12-02 08:37:45'),
(287, '2025-11-20', 7, 1, '1.00', '', 1, '2025-12-02 08:37:45'),
(288, '2025-11-20', 5, 1, '24.00', '', 1, '2025-12-02 08:37:45'),
(289, '2025-11-21', 17, 1, '4.00', '', 1, '2025-12-02 08:37:45'),
(290, '2025-11-21', 7, 1, '1.00', '', 1, '2025-12-02 08:37:45'),
(291, '2025-11-21', 6, 1, '2.00', '', 1, '2025-12-02 08:37:45'),
(292, '2025-11-21', 2, 1, '4.00', '', 1, '2025-12-02 08:37:45'),
(293, '2025-11-21', 20, 1, '1.00', '', 1, '2025-12-02 08:37:45'),
(294, '2025-11-21', 5, 1, '1.00', '', 1, '2025-12-02 08:37:45'),
(295, '2025-11-21', 23, 1, '2.00', '', 1, '2025-12-02 08:37:45'),
(296, '2025-11-21', 6, 1, '3.00', '', 1, '2025-12-02 08:37:45'),
(297, '2025-11-21', 19, 1, '1.00', '', 1, '2025-12-02 08:37:45'),
(298, '2025-11-21', 23, 1, '10.00', '', 1, '2025-12-02 08:37:45'),
(299, '2025-11-21', 5, 1, '5.00', '', 1, '2025-12-02 08:37:45'),
(300, '2025-11-21', 23, 1, '9.00', '', 1, '2025-12-02 08:37:45'),
(301, '2025-11-21', 5, 1, '4.00', '', 1, '2025-12-02 08:37:45'),
(302, '2025-11-22', 17, 1, '1.00', '', 1, '2025-12-02 08:37:45'),
(303, '2025-11-22', 18, 1, '1.00', '', 1, '2025-12-02 08:37:45'),
(304, '2025-11-22', 6, 1, '4.00', '', 1, '2025-12-02 08:37:45'),
(305, '2025-11-22', 21, 1, '1.00', '', 1, '2025-12-02 08:37:45'),
(306, '2025-11-22', 24, 1, '1.00', '', 1, '2025-12-02 08:37:45'),
(307, '2025-11-22', 2, 1, '6.00', '', 1, '2025-12-02 08:37:45'),
(308, '2025-11-22', 20, 1, '2.00', '', 1, '2025-12-02 08:37:45'),
(309, '2025-11-22', 33, 1, '4.00', '', 1, '2025-12-02 08:37:45'),
(310, '2025-11-22', 23, 1, '2.00', '', 1, '2025-12-02 08:37:45'),
(311, '2025-11-22', 33, 1, '6.00', '', 1, '2025-12-02 08:37:45'),
(312, '2025-11-22', 15, 1, '1.00', '', 1, '2025-12-02 08:37:45'),
(313, '2025-11-22', 6, 1, '4.00', '', 1, '2025-12-02 08:37:45'),
(314, '2025-11-22', 17, 1, '1.00', '', 1, '2025-12-02 08:37:45'),
(315, '2025-11-22', 23, 1, '2.00', '', 1, '2025-12-02 08:37:45'),
(316, '2025-11-22', 19, 1, '1.00', '', 1, '2025-12-02 08:37:45'),
(317, '2025-11-22', 2, 1, '3.00', '', 1, '2025-12-02 08:37:45'),
(318, '2025-11-22', 23, 1, '15.00', '', 1, '2025-12-02 08:37:45'),
(319, '2025-11-22', 5, 1, '2.00', '', 1, '2025-12-02 08:37:45'),
(320, '2025-11-23', 17, 1, '1.00', '', 1, '2025-12-02 08:37:45'),
(321, '2025-11-23', 6, 1, '2.00', '', 1, '2025-12-02 08:37:45'),
(322, '2025-11-22', 23, 1, '2.00', '', 1, '2025-12-02 08:37:45'),
(323, '2025-11-23', 5, 1, '1.00', '', 1, '2025-12-02 08:37:45'),
(324, '2025-11-23', 6, 1, '2.00', '', 1, '2025-12-02 08:37:45'),
(325, '2025-11-23', 2, 1, '2.00', '', 1, '2025-12-02 08:37:45'),
(326, '2025-11-23', 17, 1, '1.00', '', 1, '2025-12-02 08:37:45'),
(327, '2025-11-23', 18, 1, '1.00', '', 1, '2025-12-02 08:37:45'),
(328, '2025-11-23', 33, 1, '2.00', '', 1, '2025-12-02 08:37:45'),
(329, '2025-11-23', 5, 1, '7.00', '', 1, '2025-12-02 08:37:45'),
(330, '2025-11-23', 23, 1, '16.00', '', 1, '2025-12-02 08:37:45'),
(331, '2025-11-24', 19, 1, '1.00', '', 1, '2025-12-02 08:37:45'),
(332, '2025-11-24', 6, 1, '4.00', '', 1, '2025-12-02 08:37:45'),
(333, '2025-11-24', 17, 1, '1.00', '', 1, '2025-12-02 08:37:45'),
(334, '2025-11-24', 20, 1, '1.00', '', 1, '2025-12-02 08:37:45'),
(335, '2025-11-24', 15, 1, '2.00', '', 1, '2025-12-02 08:37:45'),
(336, '2025-11-24', 2, 1, '4.00', '', 1, '2025-12-02 08:37:45'),
(337, '2025-11-24', 5, 1, '1.00', '', 1, '2025-12-02 08:37:45'),
(338, '2025-11-24', 33, 1, '2.00', '', 1, '2025-12-02 08:37:45'),
(339, '2025-11-24', 23, 1, '3.00', '', 1, '2025-12-02 08:37:45'),
(340, '2025-11-24', 5, 1, '1.00', '', 1, '2025-12-02 08:37:45'),
(341, '2025-11-24', 17, 1, '2.00', '', 1, '2025-12-02 08:37:45'),
(342, '2025-11-24', 19, 1, '1.00', '', 1, '2025-12-02 08:37:45'),
(343, '2025-11-24', 23, 1, '14.00', '', 1, '2025-12-02 08:37:45'),
(344, '2025-11-24', 5, 1, '4.00', '', 1, '2025-12-02 08:37:45'),
(345, '2025-11-25', 15, 1, '2.00', '', 1, '2025-12-02 08:37:45'),
(346, '2025-11-25', 21, 1, '1.00', '', 1, '2025-12-02 08:37:45'),
(347, '2025-11-25', 6, 1, '6.00', '', 1, '2025-12-02 08:37:45'),
(348, '2025-11-25', 2, 1, '2.00', '', 1, '2025-12-02 08:37:45'),
(349, '2025-11-25', 20, 1, '1.00', '', 1, '2025-12-02 08:37:45'),
(350, '2025-11-25', 23, 1, '1.00', '', 1, '2025-12-02 08:37:45'),
(351, '2025-11-25', 5, 1, '1.00', '', 1, '2025-12-02 08:37:45'),
(352, '2025-11-25', 23, 1, '1.00', '', 1, '2025-12-02 08:37:45'),
(353, '2025-11-25', 5, 1, '2.00', '', 1, '2025-12-02 08:37:45'),
(354, '2025-11-25', 23, 1, '2.00', '', 1, '2025-12-02 08:37:45'),
(355, '2025-11-25', 6, 1, '4.00', '', 1, '2025-12-02 08:37:45'),
(356, '2025-11-25', 17, 1, '2.00', '', 1, '2025-12-02 08:37:45'),
(357, '2025-11-25', 2, 1, '4.00', '', 1, '2025-12-02 08:37:45'),
(358, '2025-11-25', 23, 1, '16.00', '', 1, '2025-12-02 08:37:45'),
(359, '2025-11-25', 5, 1, '4.00', '', 1, '2025-12-02 08:37:45'),
(360, '2025-11-25', 18, 1, '1.00', '', 1, '2025-12-02 08:37:45'),
(361, '2025-11-26', 33, 1, '2.00', '', 1, '2025-12-02 08:37:45'),
(362, '2025-11-26', 5, 1, '1.00', '', 1, '2025-12-02 08:37:45'),
(363, '2025-11-26', 6, 1, '4.00', '', 1, '2025-12-02 08:37:45'),
(364, '2025-11-26', 15, 1, '2.00', '', 1, '2025-12-02 08:37:45'),
(365, '2025-11-26', 17, 1, '1.00', '', 1, '2025-12-02 08:37:45'),
(366, '2025-11-26', 19, 1, '1.00', '', 1, '2025-12-02 08:37:45'),
(367, '2025-11-26', 18, 1, '1.00', '', 1, '2025-12-02 08:37:45'),
(368, '2025-11-26', 24, 1, '1.00', '', 1, '2025-12-02 08:37:45'),
(369, '2025-11-26', 2, 1, '2.00', '', 1, '2025-12-02 08:37:45'),
(370, '2025-11-26', 23, 1, '7.00', '', 1, '2025-12-02 08:37:45'),
(371, '2025-11-26', 5, 1, '1.00', '', 1, '2025-12-02 08:37:45'),
(372, '2025-11-26', 17, 1, '1.00', '', 1, '2025-12-02 08:37:45'),
(373, '2025-11-27', 17, 1, '1.00', '', 1, '2025-12-02 08:37:45'),
(374, '2025-11-27', 20, 1, '1.00', '', 1, '2025-12-02 08:37:45'),
(375, '2025-11-27', 6, 1, '3.00', '', 1, '2025-12-02 08:37:45'),
(376, '2025-11-27', 2, 1, '4.00', '', 1, '2025-12-02 08:37:45'),
(377, '2025-11-27', 21, 1, '1.00', '', 1, '2025-12-02 08:37:45'),
(378, '2025-11-27', 15, 1, '2.00', '', 1, '2025-12-02 08:37:45'),
(379, '2025-11-27', 5, 1, '1.00', '', 1, '2025-12-02 08:37:45'),
(380, '2025-11-27', 7, 1, '1.00', '', 1, '2025-12-02 08:37:45'),
(381, '2025-11-27', 6, 1, '4.00', '', 1, '2025-12-02 08:37:45'),
(382, '2025-11-27', 25, 1, '1.00', '', 1, '2025-12-02 08:37:45'),
(383, '2025-11-27', 5, 1, '8.00', '', 1, '2025-12-02 08:37:45'),
(384, '2025-11-27', 23, 1, '14.00', '', 1, '2025-12-02 08:37:45'),
(385, '2025-11-27', 6, 1, '10.00', '', 1, '2025-12-02 08:37:45'),
(386, '2025-11-27', 20, 1, '2.00', '', 1, '2025-12-02 08:37:45'),
(387, '2025-11-27', 7, 1, '2.00', '', 1, '2025-12-02 08:37:45'),
(388, '2025-11-27', 15, 1, '5.00', '', 1, '2025-12-02 08:37:45'),
(389, '2025-11-27', 22, 1, '1.00', '', 1, '2025-12-02 08:37:45'),
(390, '2025-11-27', 23, 1, '18.00', '', 1, '2025-12-02 08:37:45'),
(391, '2025-11-27', 25, 1, '1.00', '', 1, '2025-12-02 08:37:45'),
(392, '2025-11-27', 21, 1, '1.00', '', 1, '2025-12-02 08:37:45'),
(393, '2025-11-28', 21, 1, '1.00', '', 1, '2025-12-02 08:37:45'),
(394, '2025-11-28', 15, 1, '2.00', '', 1, '2025-12-02 08:37:45'),
(395, '2025-11-28', 6, 1, '4.00', '', 1, '2025-12-02 08:37:45'),
(396, '2025-11-28', 20, 1, '1.00', '', 1, '2025-12-02 08:37:45'),
(397, '2025-11-28', 17, 1, '1.00', '', 1, '2025-12-02 08:37:45'),
(398, '2025-11-28', 19, 1, '1.00', '', 1, '2025-12-02 08:37:45'),
(399, '2025-11-28', 2, 1, '3.00', '', 1, '2025-12-02 08:37:45'),
(400, '2025-11-28', 2, 1, '1.00', '', 1, '2025-12-02 08:37:45'),
(401, '2025-11-28', 17, 1, '7.00', '', 1, '2025-12-02 08:37:45'),
(402, '2025-11-28', 18, 1, '3.00', '', 1, '2025-12-02 08:37:45'),
(403, '2025-11-28', 23, 1, '1.00', '', 1, '2025-12-02 08:37:45'),
(404, '2025-11-28', 2, 1, '4.00', '', 1, '2025-12-02 08:37:45'),
(405, '2025-11-28', 18, 1, '1.00', '', 1, '2025-12-02 08:37:45'),
(406, '2025-11-28', 5, 1, '2.00', '', 1, '2025-12-02 08:37:45'),
(407, '2025-11-28', 17, 1, '2.00', '', 1, '2025-12-02 08:37:45'),
(408, '2025-11-28', 7, 1, '2.00', '', 1, '2025-12-02 08:37:45'),
(409, '2025-11-28', 20, 1, '1.00', '', 1, '2025-12-02 08:37:45'),
(410, '2025-11-28', 22, 1, '1.00', '', 1, '2025-12-02 08:37:45'),
(411, '2025-11-28', 15, 1, '2.00', '', 1, '2025-12-02 08:37:45'),
(412, '2025-11-28', 23, 1, '2.00', '', 1, '2025-12-02 08:37:45'),
(413, '2025-11-29', 23, 1, '4.00', '', 1, '2025-12-02 08:37:45'),
(414, '2025-11-29', 23, 1, '2.00', '', 1, '2025-12-02 08:37:45'),
(415, '2025-11-29', 23, 1, '2.00', '', 1, '2025-12-02 08:37:45'),
(416, '2025-11-29', 5, 1, '1.00', '', 1, '2025-12-02 08:37:45'),
(417, '2025-11-29', 18, 1, '1.00', '', 1, '2025-12-02 08:37:45'),
(418, '2025-11-29', 17, 1, '1.00', '', 1, '2025-12-02 08:37:45'),
(419, '2025-11-29', 6, 1, '3.00', '', 1, '2025-12-02 08:37:45'),
(420, '2025-11-29', 15, 1, '1.00', '', 1, '2025-12-02 08:37:45'),
(421, '2025-11-29', 2, 1, '3.00', '', 1, '2025-12-02 08:37:45'),
(422, '2025-11-29', 23, 1, '1.00', '', 1, '2025-12-02 08:37:45'),
(423, '2025-11-29', 23, 1, '14.00', '', 1, '2025-12-02 08:37:45'),
(424, '2025-11-29', 5, 1, '3.00', '', 1, '2025-12-02 08:37:45'),
(425, '2025-11-30', 17, 1, '1.00', '', 1, '2025-12-02 08:37:45'),
(426, '2025-11-30', 19, 1, '1.00', '', 1, '2025-12-02 08:37:45'),
(427, '2025-11-30', 6, 1, '3.00', '', 1, '2025-12-02 08:37:45'),
(428, '2025-11-30', 20, 1, '1.00', '', 1, '2025-12-02 08:37:45'),
(429, '2025-11-30', 33, 1, '6.00', '', 1, '2025-12-02 08:37:45'),
(430, '2025-11-30', 33, 1, '4.00', '', 1, '2025-12-02 08:37:45'),
(431, '2025-11-30', 6, 1, '4.00', '', 1, '2025-12-02 08:37:45'),
(432, '2025-11-30', 19, 1, '1.00', '', 1, '2025-12-02 08:37:45'),
(433, '2025-11-30', 2, 1, '4.00', '', 1, '2025-12-02 08:37:45'),
(434, '2025-11-30', 23, 1, '10.00', '', 1, '2025-12-02 08:37:45'),
(435, '2025-11-30', 5, 1, '5.00', '', 1, '2025-12-02 08:37:45'),
(436, '2025-11-30', 26, 1, '2350.00', '', 1, '2025-12-02 08:37:45'),
(437, '2025-11-30', 36, 7, '2.00', '', 1, '2025-12-02 08:37:45'),
(438, '2025-11-30', 38, 7, '2.00', '', 1, '2025-12-02 08:37:45'),
(439, '2025-11-30', 3, 7, '34.00', '', 1, '2025-12-02 08:37:45'),
(440, '2025-11-30', 33, 7, '30.00', '', 1, '2025-12-02 08:37:45'),
(441, '2025-11-30', 1, 7, '59.00', '', 1, '2025-12-02 08:37:45'),
(442, '2025-11-30', 7, 7, '5.00', '', 1, '2025-12-02 08:37:45'),
(443, '2025-11-30', 9, 7, '52.00', '', 1, '2025-12-02 08:37:45'),
(444, '2025-11-30', 8, 7, '66.00', '', 1, '2025-12-02 08:37:45'),
(445, '2025-11-30', 11, 7, '19.00', '', 1, '2025-12-02 08:37:45'),
(446, '2025-11-30', 14, 7, '7.00', '', 1, '2025-12-02 08:37:45'),
(447, '2025-11-30', 13, 7, '1.00', '', 1, '2025-12-02 08:37:45'),
(448, '2025-11-30', 12, 7, '22.00', '', 1, '2025-12-02 08:37:45'),
(449, '2025-11-30', 25, 7, '1.00', '', 1, '2025-12-02 08:37:45'),
(450, '2025-11-30', 19, 7, '1.00', '', 1, '2025-12-02 08:37:45'),
(451, '2025-11-30', 29, 7, '3.00', '', 1, '2025-12-02 08:37:45'),
(452, '2025-11-30', 31, 7, '1.00', '', 1, '2025-12-02 08:37:45'),
(453, '2025-11-30', 28, 7, '12.00', '', 1, '2025-12-02 08:37:45'),
(454, '2025-11-30', 20, 7, '2.00', '', 1, '2025-12-02 08:37:45'),
(455, '2025-11-30', 21, 7, '1.00', '', 1, '2025-12-02 08:37:45'),
(456, '2025-11-30', 23, 7, '20.00', '', 1, '2025-12-02 08:37:45'),
(457, '2025-11-30', 22, 7, '1.00', '', 1, '2025-12-02 08:37:45'),
(458, '2025-11-30', 15, 7, '7.00', '', 1, '2025-12-02 08:37:45'),
(459, '2025-11-30', 5, 7, '7.00', '', 1, '2025-12-02 08:37:45'),
(460, '2025-11-30', 6, 7, '2.00', '', 1, '2025-12-02 08:37:45'),
(461, '2025-11-30', 34, 7, '1.50', '', 1, '2025-12-02 08:37:45'),
(462, '2025-11-30', 32, 7, '1.00', '', 1, '2025-12-02 08:37:45'),
(463, '2025-11-30', 2, 7, '71.00', '', 1, '2025-12-02 08:37:45'),
(464, '2025-11-30', 17, 7, '2.00', '', 1, '2025-12-02 08:37:45'),
(465, '2025-12-01', 23, 1, '2.00', '', 1, '2025-12-02 08:37:45'),
(466, '2025-12-01', 35, 8, '1.00', '', 1, '2025-12-02 08:37:45'),
(467, '2025-12-01', 20, 1, '2.00', '', 1, '2025-12-02 08:37:45'),
(468, '2025-12-01', 6, 1, '2.00', '', 1, '2025-12-02 08:37:45'),
(469, '2025-12-01', 17, 1, '1.00', '', 1, '2025-12-02 08:37:45'),
(470, '2025-12-01', 3, 1, '1.00', '', 1, '2025-12-02 08:37:45'),
(471, '2025-12-01', 2, 1, '5.00', '', 1, '2025-12-02 08:37:45'),
(472, '2025-12-01', 22, 1, '1.00', '', 1, '2025-12-02 08:37:45'),
(473, '2025-12-01', 23, 1, '1.00', '', 1, '2025-12-02 08:37:45'),
(474, '2025-12-01', 29, 1, '1.00', '', 1, '2025-12-02 08:37:45'),
(475, '2025-12-01', 31, 1, '1.00', '', 1, '2025-12-02 08:37:45'),
(476, '2025-12-01', 17, 1, '1.00', '', 1, '2025-12-02 08:37:45'),
(477, '2025-12-01', 19, 1, '1.00', '', 1, '2025-12-02 08:37:45'),
(478, '2025-12-01', 2, 1, '4.00', '', 1, '2025-12-02 08:37:45'),
(479, '2025-12-01', 6, 1, '3.00', '', 1, '2025-12-02 08:37:45'),
(480, '2025-12-01', 24, 1, '1.00', '', 1, '2025-12-02 08:37:45'),
(481, '2025-12-01', 21, 1, '1.00', '', 1, '2025-12-02 08:37:45'),
(482, '2025-12-01', 23, 1, '9.00', '', 1, '2025-12-02 08:37:45'),
(483, '2025-12-01', 5, 1, '3.00', '', 1, '2025-12-02 08:37:45'),
(484, '2025-12-01', 28, 1, '4.00', '', 1, '2025-12-02 08:37:45'),
(485, '2025-12-01', 29, 1, '1.00', '', 1, '2025-12-02 08:37:45'),
(486, '2025-12-01', 26, 1, '1000.00', '', 1, '2025-12-02 08:37:45'),
(487, '2025-12-01', 12, 1, '3.00', '', 1, '2025-12-02 08:37:45'),
(488, '2025-12-01', 8, 1, '3.00', '', 1, '2025-12-02 08:37:45'),
(489, '2025-12-01', 11, 1, '1.00', '', 1, '2025-12-02 08:37:45'),
(490, '2025-12-01', 1, 1, '6.00', '', 1, '2025-12-02 08:37:45'),
(491, '2025-12-01', 30, 1, '1.00', '', 1, '2025-12-02 08:37:45'),
(492, '2025-12-01', 33, 1, '4.00', '', 1, '2025-12-02 08:37:45'),
(493, '2025-12-01', 16, 1, '8.00', '', 1, '2025-12-02 08:41:28'),
(494, '2025-12-02', 17, 1, '1.00', '', 1, '2025-12-02 15:48:50'),
(495, '2025-12-02', 6, 1, '2.00', '', 1, '2025-12-02 15:49:03'),
(496, '2025-12-02', 2, 1, '4.00', '', 1, '2025-12-02 15:49:15'),
(497, '2025-12-02', 23, 1, '2.00', '', 1, '2025-12-02 15:49:25'),
(498, '2025-12-02', 1, 1, '3.00', '', 1, '2025-12-02 15:49:50'),
(499, '2025-12-02', 20, 1, '1.00', '', 1, '2025-12-02 15:49:57'),
(500, '2025-12-02', 18, 1, '2.00', '', 1, '2025-12-02 15:50:04'),
(501, '2025-12-02', 30, 1, '1.00', '', 1, '2025-12-02 15:50:16'),
(502, '2025-12-02', 23, 1, '4.00', '', 1, '2025-12-02 15:50:26'),
(503, '2025-12-02', 4, 1, '1.00', '', 1, '2025-12-02 15:50:41'),
(504, '2025-12-02', 23, 1, '7.00', '', 1, '2025-12-02 15:57:37'),
(505, '2025-12-02', 33, 1, '2.00', '', 1, '2025-12-02 15:57:49'),
(506, '2025-12-02', 23, 1, '1.00', '', 1, '2025-12-02 15:58:17'),
(507, '2025-12-02', 1, 1, '2.00', '', 1, '2025-12-02 15:58:29'),
(508, '2025-12-02', 2, 1, '3.00', '', 1, '2025-12-02 15:58:38'),
(509, '2025-12-02', 6, 1, '3.00', '', 1, '2025-12-02 15:58:47'),
(510, '2025-12-02', 32, 1, '1.00', '', 1, '2025-12-02 15:58:57'),
(511, '2025-12-02', 17, 1, '1.00', '', 1, '2025-12-02 15:59:06'),
(512, '2025-12-02', 19, 1, '1.00', '', 1, '2025-12-02 15:59:19'),
(513, '2025-12-02', 23, 1, '7.00', '', 1, '2025-12-02 15:59:33'),
(514, '2025-12-02', 28, 1, '3.00', '', 1, '2025-12-02 15:59:48'),
(515, '2025-12-02', 29, 1, '2.00', '', 1, '2025-12-02 16:00:01'),
(516, '2025-12-02', 26, 1, '550.00', '', 1, '2025-12-02 16:00:13'),
(517, '2025-12-02', 16, 1, '3.00', '', 1, '2025-12-02 16:00:23'),
(518, '2025-12-02', 36, 8, '1.00', '', 1, '2025-12-02 16:00:31'),
(519, '2025-12-02', 3, 1, '2.00', '', 1, '2025-12-03 08:23:16'),
(520, '2025-12-02', 8, 1, '3.00', '', 1, '2025-12-03 08:26:52'),
(521, '2025-12-02', 12, 1, '2.00', '', 1, '2025-12-03 13:55:36'),
(522, '2025-12-02', 11, 1, '1.00', '', 1, '2025-12-03 13:55:49'),
(523, '2025-12-01', 15, 1, '1.00', '', 1, '2025-12-03 14:04:41'),
(524, '2025-12-03', 17, 1, '1.00', '', 1, '2025-12-04 05:54:07'),
(525, '2025-12-03', 20, 1, '1.00', '', 1, '2025-12-04 05:55:00'),
(526, '2025-12-03', 6, 1, '3.00', '', 1, '2025-12-04 05:55:19'),
(527, '2025-12-03', 1, 1, '2.00', '', 1, '2025-12-04 05:55:34'),
(528, '2025-12-03', 15, 1, '2.00', '', 1, '2025-12-04 05:55:45'),
(529, '2025-12-03', 2, 1, '3.00', '', 1, '2025-12-04 05:55:56'),
(530, '2025-12-03', 23, 1, '2.00', '', 1, '2025-12-04 05:56:06'),
(531, '2025-12-03', 23, 1, '1.00', '', 1, '2025-12-04 05:56:16'),
(532, '2025-12-03', 2, 1, '1.00', '', 1, '2025-12-04 05:56:27'),
(533, '2025-12-03', 17, 1, '1.00', '', 1, '2025-12-04 05:56:37'),
(534, '2025-12-03', 6, 1, '3.00', '', 1, '2025-12-04 05:57:14'),
(535, '2025-12-03', 33, 1, '2.00', '', 1, '2025-12-04 05:57:26'),
(536, '2025-12-03', 26, 1, '750.00', '', 1, '2025-12-04 05:57:39'),
(537, '2025-12-03', 23, 1, '5.00', '', 1, '2025-12-04 05:57:51'),
(538, '2025-12-03', 28, 1, '3.00', '', 1, '2025-12-04 05:58:05'),
(539, '2025-12-03', 29, 1, '2.00', '', 1, '2025-12-04 05:58:14'),
(540, '2025-12-03', 1, 1, '3.00', '', 1, '2025-12-05 04:24:35'),
(541, '2025-12-03', 8, 1, '3.00', '', 1, '2025-12-05 04:24:56'),
(542, '2025-12-03', 11, 1, '1.00', '', 1, '2025-12-05 04:25:09'),
(543, '2025-12-04', 2, 1, '1.00', '', 1, '2025-12-05 04:25:32'),
(544, '2025-12-04', 17, 1, '1.00', '', 1, '2025-12-05 04:25:46'),
(545, '2025-12-04', 19, 1, '1.00', '', 1, '2025-12-05 04:26:00'),
(546, '2025-12-04', 20, 1, '1.00', '', 1, '2025-12-05 04:26:18'),
(547, '2025-12-04', 21, 1, '1.00', '', 1, '2025-12-05 04:26:31'),
(548, '2025-12-04', 22, 1, '1.00', '', 1, '2025-12-05 04:27:58'),
(549, '2025-12-04', 6, 1, '3.00', '', 1, '2025-12-05 04:28:05'),
(550, '2025-12-04', 18, 1, '1.00', '', 1, '2025-12-05 04:28:14'),
(551, '2025-12-04', 2, 1, '4.00', '', 1, '2025-12-05 04:28:24'),
(552, '2025-12-04', 35, 8, '1.00', '', 1, '2025-12-05 04:28:40'),
(553, '2025-12-04', 1, 1, '4.00', '', 1, '2025-12-05 04:28:51'),
(554, '2025-12-04', 26, 1, '2000.00', '', 1, '2025-12-05 04:29:01'),
(555, '2025-12-04', 7, 1, '1.00', '', 1, '2025-12-05 04:30:09'),
(556, '2025-12-04', 15, 1, '5.00', '', 1, '2025-12-05 04:33:00'),
(557, '2025-12-04', 17, 1, '4.00', '', 1, '2025-12-05 04:33:15'),
(558, '2025-12-04', 19, 1, '2.00', '', 1, '2025-12-05 04:33:28'),
(559, '2025-12-04', 20, 1, '2.00', '', 1, '2025-12-05 04:33:38'),
(560, '2025-12-04', 23, 1, '18.00', '', 1, '2025-12-05 04:33:53'),
(561, '2025-12-04', 28, 1, '15.00', '', 1, '2025-12-05 04:34:14'),
(562, '2025-12-04', 29, 1, '5.00', '', 1, '2025-12-05 04:34:26'),
(563, '2025-12-04', 30, 1, '3.00', '', 1, '2025-12-05 04:34:37'),
(564, '2025-12-04', 33, 1, '12.00', '', 1, '2025-12-05 04:34:52'),
(565, '2025-12-04', 34, 8, '0.50', '', 1, '2025-12-05 04:35:08'),
(566, '2025-12-04', 1, 1, '3.00', '', 1, '2025-12-05 04:35:23'),
(567, '2025-12-04', 1, 1, '4.00', '', 1, '2025-12-05 04:35:33'),
(568, '2025-12-04', 5, 1, '2.00', '', 1, '2025-12-05 04:36:49'),
(569, '2025-12-04', 5, 1, '1.00', '', 1, '2025-12-05 04:37:08'),
(570, '2025-12-04', 23, 1, '3.00', '', 1, '2025-12-05 04:37:25'),
(571, '2025-12-04', 5, 1, '12.00', '', 1, '2025-12-05 04:37:37'),
(572, '2025-12-04', 2, 1, '1.00', '', 1, '2025-12-05 04:37:48'),
(573, '2025-12-04', 19, 1, '1.00', '', 1, '2025-12-05 04:38:02'),
(574, '2025-12-04', 7, 1, '1.00', '', 1, '2025-12-05 04:38:12'),
(575, '2025-12-04', 17, 1, '1.00', '', 1, '2025-12-05 04:38:30'),
(576, '2025-12-04', 23, 1, '20.00', '', 1, '2025-12-05 04:38:42'),
(577, '2025-12-04', 5, 1, '13.00', '', 1, '2025-12-05 04:38:53'),
(578, '2025-12-04', 28, 1, '4.00', '', 1, '2025-12-05 04:39:09'),
(579, '2025-12-04', 29, 1, '1.00', '', 1, '2025-12-05 04:39:44'),
(581, '2025-12-04', 26, 1, '500.00', '', 1, '2025-12-05 04:40:18'),
(582, '2025-12-04', 11, 1, '4.00', '', 1, '2025-12-05 04:41:21'),
(583, '2025-12-04', 12, 1, '1.00', '', 1, '2025-12-05 04:41:32'),
(584, '2025-12-04', 8, 1, '2.00', '', 1, '2025-12-05 04:41:41'),
(585, '2025-12-04', 3, 1, '1.00', '', 1, '2025-12-06 04:50:29'),
(586, '2025-12-04', 15, 1, '2.00', '', 1, '2025-12-06 04:50:46'),
(587, '2025-12-04', 34, 8, '1.00', '', 1, '2025-12-06 04:51:03'),
(588, '2025-12-05', 2, 1, '3.00', '', 1, '2025-12-06 04:52:17'),
(589, '2025-12-05', 6, 1, '4.00', '', 1, '2025-12-06 04:52:38'),
(590, '2025-12-05', 20, 1, '1.00', '', 1, '2025-12-06 04:52:56'),
(591, '2025-12-05', 1, 1, '4.00', '', 1, '2025-12-06 04:53:15'),
(592, '2025-12-05', 3, 1, '1.00', '', 1, '2025-12-06 04:53:33'),
(593, '2025-12-05', 17, 1, '1.00', '', 1, '2025-12-06 04:53:45'),
(594, '2025-12-05', 1, 1, '4.00', '', 1, '2025-12-06 04:54:00'),
(595, '2025-12-05', 2, 1, '2.00', '', 1, '2025-12-06 04:54:11'),
(597, '2025-12-05', 36, 8, '1.00', '', 1, '2025-12-06 04:54:47'),
(598, '2025-12-05', 23, 1, '1.00', '', 1, '2025-12-06 04:54:59'),
(599, '2025-12-05', 5, 1, '1.00', '', 1, '2025-12-06 04:55:09'),
(600, '2025-12-05', 29, 1, '1.00', '', 1, '2025-12-06 04:55:29'),
(601, '2025-12-05', 5, 1, '3.00', '', 1, '2025-12-06 04:55:42'),
(602, '2025-12-05', 23, 1, '15.00', '', 1, '2025-12-06 04:55:56'),
(603, '2025-12-05', 28, 1, '2.00', '', 1, '2025-12-06 04:56:11'),
(604, '2025-12-05', 5, 1, '1.00', '', 1, '2025-12-06 04:56:23'),
(605, '2025-12-05', 23, 1, '1.00', '', 1, '2025-12-06 04:56:35'),
(606, '2025-12-05', 26, 1, '875.00', '', 1, '2025-12-06 04:58:20'),
(607, '2025-12-05', 8, 1, '5.00', '', 1, '2025-12-06 05:00:58'),
(608, '2025-12-06', 17, 1, '1.00', '', 1, '2025-12-07 09:11:05'),
(609, '2025-12-06', 6, 1, '2.00', '', 1, '2025-12-07 09:11:18'),
(610, '2025-12-06', 20, 1, '1.00', '', 1, '2025-12-07 09:11:28'),
(611, '2025-12-06', 18, 1, '2.00', '', 1, '2025-12-07 09:11:41'),
(612, '2025-12-06', 2, 1, '4.00', '', 1, '2025-12-07 09:11:50'),
(613, '2025-12-06', 3, 1, '1.00', '', 1, '2025-12-07 09:12:07'),
(614, '2025-12-06', 1, 1, '4.00', '', 1, '2025-12-07 09:12:23'),
(615, '2025-12-06', 1, 1, '2.00', '', 1, '2025-12-07 09:12:32'),
(616, '2025-12-06', 15, 1, '1.00', '', 1, '2025-12-07 09:12:48'),
(617, '2025-12-06', 6, 1, '15.00', '', 1, '2025-12-07 09:13:00'),
(618, '2025-12-06', 22, 1, '1.00', '', 1, '2025-12-07 09:13:23'),
(619, '2025-12-06', 5, 1, '1.00', '', 1, '2025-12-07 09:13:39'),
(620, '2025-12-06', 23, 1, '1.00', '', 1, '2025-12-07 09:13:54'),
(621, '2025-12-06', 23, 1, '2.00', '', 1, '2025-12-07 09:14:10'),
(622, '2025-12-06', 5, 1, '1.00', '', 1, '2025-12-07 09:14:23'),
(623, '2025-12-06', 33, 1, '2.00', '', 1, '2025-12-07 09:14:36'),
(624, '2025-12-06', 23, 1, '1.00', '', 1, '2025-12-07 09:14:45'),
(625, '2025-12-06', 28, 1, '1.00', '', 1, '2025-12-07 09:14:57'),
(626, '2025-12-06', 29, 1, '1.00', '', 1, '2025-12-07 09:15:08'),
(627, '2025-12-06', 1, 1, '3.00', '', 1, '2025-12-07 09:15:21'),
(628, '2025-12-06', 6, 1, '4.00', '', 1, '2025-12-07 09:15:29'),
(629, '2025-12-06', 17, 1, '1.00', '', 1, '2025-12-07 09:16:11'),
(630, '2025-12-06', 2, 1, '2.00', '', 1, '2025-12-07 09:16:28'),
(631, '2025-12-06', 26, 1, '375.00', '', 1, '2025-12-07 09:16:40'),
(632, '2025-12-06', 23, 1, '13.00', '', 1, '2025-12-07 09:17:33'),
(633, '2025-12-06', 28, 1, '6.00', '', 1, '2025-12-07 09:17:51'),
(634, '2025-12-06', 29, 1, '1.00', '', 1, '2025-12-07 09:18:01'),
(635, '2025-12-06', 5, 1, '6.00', '', 1, '2025-12-07 09:18:10'),
(636, '2025-12-06', 14, 1, '3.00', '', 1, '2025-12-07 09:18:28'),
(637, '2025-12-06', 12, 1, '1.00', '', 1, '2025-12-07 09:18:38'),
(638, '2025-12-06', 16, 1, '3.00', '', 1, '2025-12-07 09:23:42'),
(639, '2025-12-06', 30, 1, '1.00', '', 1, '2025-12-07 09:25:49'),
(640, '2025-12-07', 17, 1, '1.00', '', 1, '2025-12-08 10:40:21'),
(641, '2025-12-07', 20, 1, '1.00', '', 1, '2025-12-08 10:40:33'),
(642, '2025-12-07', 6, 1, '3.00', '', 1, '2025-12-08 10:40:54'),
(643, '2025-12-07', 3, 1, '1.00', '', 1, '2025-12-08 10:41:14'),
(644, '2025-12-07', 2, 1, '5.00', '', 1, '2025-12-08 10:41:24'),
(645, '2025-12-07', 32, 1, '1.00', '', 1, '2025-12-08 10:41:37'),
(646, '2025-12-07', 1, 1, '2.00', '', 1, '2025-12-08 10:41:47'),
(647, '2025-12-07', 5, 1, '1.00', '', 1, '2025-12-08 10:41:59'),
(648, '2025-12-07', 15, 1, '2.00', '', 1, '2025-12-08 10:42:09'),
(649, '2025-12-07', 1, 1, '3.00', '', 1, '2025-12-08 10:42:28'),
(650, '2025-12-07', 33, 1, '2.00', '', 1, '2025-12-08 10:42:40'),
(651, '2025-12-07', 23, 1, '2.00', '', 1, '2025-12-08 10:43:07'),
(652, '2025-12-07', 1, 1, '3.00', '', 1, '2025-12-08 10:43:23'),
(653, '2025-12-07', 23, 1, '5.00', '', 1, '2025-12-08 10:43:36'),
(654, '2025-12-07', 5, 1, '2.00', '', 1, '2025-12-08 10:43:51'),
(655, '2025-12-07', 6, 1, '2.00', '', 1, '2025-12-08 10:44:03'),
(656, '2025-12-07', 2, 1, '2.00', '', 1, '2025-12-08 10:44:16'),
(657, '2025-12-07', 19, 1, '1.00', '', 1, '2025-12-08 10:44:28'),
(658, '2025-12-07', 17, 1, '1.00', '', 1, '2025-12-08 10:44:43'),
(659, '2025-12-07', 2, 1, '7.00', '', 1, '2025-12-08 10:44:53'),
(660, '2025-12-07', 1, 1, '1.00', '', 1, '2025-12-08 10:45:11'),
(661, '2025-12-07', 23, 1, '16.00', '', 1, '2025-12-08 10:45:24'),
(662, '2025-12-07', 5, 1, '12.00', '', 1, '2025-12-08 10:45:36'),
(663, '2025-12-07', 28, 1, '2.00', '', 1, '2025-12-08 10:45:51'),
(664, '2025-12-07', 29, 1, '1.00', '', 1, '2025-12-08 10:46:04'),
(665, '2025-12-07', 3, 1, '1.00', '', 1, '2025-12-08 10:46:12'),
(666, '2025-12-07', 26, 1, '650.00', '', 1, '2025-12-09 12:45:02'),
(667, '2025-12-07', 12, 1, '1.00', '', 1, '2025-12-09 12:45:17'),
(668, '2025-12-08', 35, 8, '1.00', '', 1, '2025-12-09 12:45:47'),
(669, '2025-12-08', 6, 1, '2.00', '', 1, '2025-12-09 12:45:59'),
(670, '2025-12-08', 17, 1, '1.00', '', 1, '2025-12-09 12:46:15'),
(671, '2025-12-08', 2, 1, '2.00', '', 1, '2025-12-09 12:46:31'),
(672, '2025-12-08', 22, 1, '1.00', '', 1, '2025-12-09 12:47:02'),
(673, '2025-12-08', 20, 1, '1.00', '', 1, '2025-12-09 12:47:13'),
(674, '2025-12-08', 5, 1, '1.00', '', 1, '2025-12-09 12:47:25'),
(675, '2025-12-08', 23, 1, '2.00', '', 1, '2025-12-09 12:47:34'),
(676, '2025-12-08', 3, 1, '1.00', '', 1, '2025-12-09 12:47:46'),
(677, '2025-12-08', 1, 1, '2.00', '', 1, '2025-12-09 12:47:58'),
(678, '2025-12-08', 31, 1, '1.00', '', 1, '2025-12-09 12:48:10'),
(679, '2025-12-08', 5, 1, '2.00', '', 1, '2025-12-09 12:48:22'),
(680, '2025-12-08', 28, 1, '1.00', '', 1, '2025-12-09 12:48:36'),
(681, '2025-12-08', 23, 1, '2.00', '', 1, '2025-12-09 12:48:48'),
(682, '2025-12-08', 5, 1, '1.00', '', 1, '2025-12-09 12:49:11'),
(683, '2025-12-08', 1, 1, '3.00', '', 1, '2025-12-09 12:49:21'),
(684, '2025-12-08', 6, 1, '2.00', '', 1, '2025-12-09 12:49:31'),
(685, '2025-12-08', 2, 1, '4.00', '', 1, '2025-12-09 12:49:41'),
(686, '2025-12-08', 17, 1, '2.00', '', 1, '2025-12-09 12:49:51'),
(687, '2025-12-08', 28, 1, '1.00', '', 1, '2025-12-09 12:50:02'),
(688, '2025-12-08', 29, 1, '3.00', '', 1, '2025-12-09 12:50:11'),
(689, '2025-12-08', 23, 1, '9.00', '', 1, '2025-12-09 12:51:33'),
(690, '2025-12-08', 26, 1, '300.00', '', 1, '2025-12-09 12:51:44'),
(691, '2025-12-08', 8, 1, '1.00', '', 1, '2025-12-09 12:53:28'),
(692, '2025-12-08', 14, 1, '2.00', '', 1, '2025-12-09 12:53:40'),
(693, '2025-12-09', 17, 1, '1.00', '', 1, '2025-12-10 03:11:36'),
(694, '2025-12-09', 19, 1, '1.00', '', 1, '2025-12-10 03:11:52'),
(695, '2025-12-09', 6, 1, '3.00', '', 1, '2025-12-10 03:12:03'),
(696, '2025-12-09', 20, 1, '1.00', '', 1, '2025-12-10 03:12:14'),
(697, '2025-12-09', 3, 1, '1.00', '', 1, '2025-12-10 03:12:28'),
(698, '2025-12-09', 2, 1, '3.00', '', 1, '2025-12-10 03:12:40'),
(699, '2025-12-09', 5, 1, '2.00', '', 1, '2025-12-10 03:14:26'),
(700, '2025-12-09', 23, 1, '2.00', '', 1, '2025-12-10 03:15:20'),
(701, '2025-12-09', 33, 1, '2.00', '', 1, '2025-12-10 03:15:31'),
(702, '2025-12-09', 17, 1, '1.00', '', 1, '2025-12-10 03:15:44'),
(703, '2025-12-09', 6, 1, '2.00', '', 1, '2025-12-10 03:15:59'),
(704, '2025-12-09', 20, 1, '1.00', '', 1, '2025-12-10 03:16:13'),
(705, '2025-12-09', 21, 1, '1.00', '', 1, '2025-12-10 03:16:24'),
(706, '2025-12-09', 24, 1, '1.00', '', 1, '2025-12-10 03:16:36'),
(707, '2025-12-09', 15, 1, '2.00', '', 1, '2025-12-10 03:16:49'),
(708, '2025-12-09', 5, 1, '2.00', '', 1, '2025-12-10 03:17:02'),
(709, '2025-12-09', 23, 1, '5.00', '', 1, '2025-12-10 03:17:18'),
(710, '2025-12-09', 28, 1, '2.00', '', 1, '2025-12-10 03:17:48'),
(711, '2025-12-09', 26, 1, '750.00', '', 1, '2025-12-10 03:18:03'),
(712, '2025-12-09', 30, 1, '1.00', '', 1, '2025-12-10 03:18:14'),
(713, '2025-12-09', 8, 1, '4.00', '', 1, '2025-12-10 03:18:27'),
(714, '2025-12-10', 18, 1, '1.00', '', 1, '2025-12-11 05:43:39'),
(715, '2025-12-10', 17, 1, '1.00', '', 1, '2025-12-11 05:43:48'),
(716, '2025-12-10', 20, 1, '1.00', '', 1, '2025-12-11 05:43:56'),
(717, '2025-12-10', 15, 1, '1.00', '', 1, '2025-12-11 05:44:11'),
(718, '2025-12-10', 6, 1, '3.00', '', 1, '2025-12-11 05:44:22'),
(719, '2025-12-10', 2, 1, '4.00', '', 1, '2025-12-11 05:44:34'),
(720, '2025-12-10', 1, 1, '3.00', '', 1, '2025-12-11 05:44:47'),
(721, '2025-12-10', 33, 1, '8.00', '', 1, '2025-12-11 05:44:56'),
(722, '2025-12-10', 1, 1, '4.00', '', 1, '2025-12-11 05:45:19'),
(723, '2025-12-10', 3, 1, '1.00', '', 1, '2025-12-11 05:45:28'),
(724, '2025-12-10', 23, 1, '1.00', '', 1, '2025-12-11 05:45:45'),
(725, '2025-12-10', 6, 1, '4.00', '', 1, '2025-12-11 05:45:57'),
(726, '2025-12-10', 15, 1, '1.00', '', 1, '2025-12-11 05:46:05'),
(727, '2025-12-10', 19, 1, '1.00', '', 1, '2025-12-11 05:46:33'),
(728, '2025-12-10', 17, 1, '1.00', '', 1, '2025-12-11 05:46:41'),
(729, '2025-12-10', 2, 1, '3.00', '', 1, '2025-12-11 05:46:48'),
(730, '2025-12-10', 6, 1, '1.00', '', 1, '2025-12-11 05:47:02'),
(731, '2025-12-10', 5, 1, '8.00', '', 1, '2025-12-11 05:49:16'),
(732, '2025-12-10', 23, 1, '4.00', '', 1, '2025-12-11 05:49:36'),
(733, '2025-12-10', 28, 1, '4.00', '', 1, '2025-12-11 05:49:53'),
(734, '2025-12-10', 26, 1, '575.00', '', 1, '2025-12-11 05:50:05'),
(735, '2025-12-10', 33, 1, '2.00', '', 1, '2025-12-11 05:50:16'),
(736, '2025-12-10', 8, 1, '4.00', '', 1, '2025-12-11 05:50:26'),
(737, '2025-12-11', 1, 1, '2.00', '', 1, '2025-12-12 03:55:49'),
(738, '2025-12-11', 17, 1, '1.00', '', 1, '2025-12-12 03:56:01'),
(739, '2025-12-11', 24, 1, '1.00', '', 1, '2025-12-12 03:56:18'),
(740, '2025-12-11', 21, 1, '1.00', '', 1, '2025-12-12 03:56:28'),
(741, '2025-12-11', 6, 1, '2.00', '', 1, '2025-12-12 03:56:37'),
(742, '2025-12-11', 20, 1, '1.00', '', 1, '2025-12-12 03:57:04'),
(743, '2025-12-11', 2, 1, '4.00', '', 1, '2025-12-12 03:57:17'),
(744, '2025-12-11', 3, 1, '1.00', '', 1, '2025-12-12 03:57:32'),
(745, '2025-12-11', 23, 1, '1.00', '', 1, '2025-12-12 03:58:15'),
(746, '2025-12-11', 23, 1, '3.00', '', 1, '2025-12-12 03:58:33'),
(747, '2025-12-11', 5, 1, '1.00', '', 1, '2025-12-12 04:31:26'),
(748, '2025-12-11', 28, 1, '1.00', '', 1, '2025-12-12 04:31:43'),
(749, '2025-12-11', 17, 1, '1.00', '', 1, '2025-12-12 04:31:58'),
(750, '2025-12-11', 6, 1, '4.00', '', 1, '2025-12-12 04:32:10'),
(751, '2025-12-11', 20, 1, '1.00', '', 1, '2025-12-12 04:32:24'),
(752, '2025-12-11', 1, 1, '2.00', '', 1, '2025-12-12 04:32:36'),
(753, '2025-12-11', 21, 1, '1.00', '', 1, '2025-12-12 04:33:06'),
(754, '2025-12-11', 24, 1, '1.00', '', 1, '2025-12-12 04:33:22'),
(755, '2025-12-11', 17, 1, '2.00', '', 1, '2025-12-12 04:33:35'),
(756, '2025-12-11', 6, 1, '4.00', '', 1, '2025-12-12 04:33:46'),
(757, '2025-12-11', 2, 1, '5.00', '', 1, '2025-12-12 04:33:57'),
(758, '2025-12-11', 3, 1, '1.00', '', 1, '2025-12-12 04:34:18'),
(759, '2025-12-11', 20, 1, '1.00', '', 1, '2025-12-12 04:34:31'),
(760, '2025-12-11', 26, 1, '1000.00', '', 1, '2025-12-12 04:34:42'),
(761, '2025-12-11', 3, 1, '3.00', '', 1, '2025-12-12 04:35:00'),
(762, '2025-12-11', 6, 1, '10.00', '', 1, '2025-12-12 04:35:21'),
(763, '2025-12-11', 17, 1, '4.00', '', 1, '2025-12-12 04:35:34'),
(764, '2025-12-11', 20, 1, '3.00', '', 1, '2025-12-12 04:35:48'),
(765, '2025-12-11', 22, 1, '1.00', '', 1, '2025-12-12 04:35:59'),
(766, '2025-12-11', 21, 1, '3.00', '', 1, '2025-12-12 04:36:13'),
(767, '2025-12-11', 24, 1, '2.00', '', 1, '2025-12-12 04:36:26'),
(768, '2025-12-11', 23, 1, '18.00', '', 1, '2025-12-12 04:36:41'),
(769, '2025-12-11', 32, 1, '1.00', '', 1, '2025-12-12 04:36:54'),
(770, '2025-12-11', 33, 1, '12.00', '', 1, '2025-12-12 04:37:05'),
(771, '2025-12-11', 5, 1, '3.00', '', 1, '2025-12-12 04:37:21'),
(772, '2025-12-11', 23, 1, '20.00', '', 1, '2025-12-12 04:37:30'),
(773, '2025-12-11', 28, 1, '6.00', '', 1, '2025-12-12 04:37:45'),
(774, '2025-12-11', 30, 1, '1.00', '', 1, '2025-12-12 04:37:59'),
(775, '2025-12-11', 15, 1, '5.00', '', 1, '2025-12-12 04:38:14'),
(776, '2025-12-11', 39, 8, '1.00', '', 1, '2025-12-12 04:38:28'),
(777, '2025-12-11', 26, 1, '600.00', '', 1, '2025-12-12 04:38:41'),
(778, '2025-12-11', 1, 1, '3.00', '', 1, '2025-12-12 04:38:57'),
(779, '2025-12-11', 35, 8, '13.00', '', 1, '2025-12-12 04:39:12'),
(780, '2025-12-12', 19, 1, '1.00', '', 1, '2025-12-13 05:32:16'),
(781, '2025-12-12', 15, 1, '2.00', '', 1, '2025-12-13 05:32:27'),
(782, '2025-12-12', 17, 1, '2.00', '', 1, '2025-12-13 05:32:40'),
(783, '2025-12-12', 5, 1, '1.00', '', 1, '2025-12-13 05:32:52'),
(784, '2025-12-12', 33, 1, '2.00', '', 1, '2025-12-13 05:33:04'),
(785, '2025-12-12', 23, 1, '1.00', '', 1, '2025-12-13 05:33:19');
INSERT INTO `tabel_barang_keluar` (`id_keluar`, `tanggal_keluar`, `id_barang`, `id_tujuan`, `jumlah_keluar`, `keterangan_darurat`, `id_pengguna_pencatat`, `created_at`) VALUES
(786, '2025-12-12', 1, 1, '3.00', '', 1, '2025-12-13 05:33:49'),
(787, '2025-12-12', 23, 1, '3.00', '', 1, '2025-12-13 05:34:07'),
(788, '2025-12-12', 2, 1, '4.00', '', 1, '2025-12-13 05:34:19'),
(789, '2025-12-12', 30, 1, '1.00', '', 1, '2025-12-13 05:34:34'),
(790, '2025-12-12', 5, 1, '6.00', '', 1, '2025-12-13 05:34:43'),
(791, '2025-12-12', 23, 1, '17.00', '', 1, '2025-12-13 05:34:55'),
(792, '2025-12-12', 29, 1, '2.00', '', 1, '2025-12-13 05:35:08'),
(793, '2025-12-12', 39, 8, '1.00', '', 1, '2025-12-13 05:35:19'),
(794, '2025-12-12', 26, 1, '575.00', '', 1, '2025-12-13 05:35:32'),
(795, '2025-12-12', 32, 1, '1.00', '', 1, '2025-12-13 05:35:43'),
(796, '2025-12-13', 6, 1, '4.00', '', 1, '2025-12-14 09:53:02'),
(797, '2025-12-13', 15, 1, '2.00', '', 1, '2025-12-14 09:53:44'),
(798, '2025-12-13', 1, 1, '3.00', '', 1, '2025-12-14 09:53:52'),
(799, '2025-12-13', 20, 1, '1.00', '', 1, '2025-12-14 09:54:06'),
(800, '2025-12-13', 35, 1, '1.00', '', 1, '2025-12-14 09:54:25'),
(801, '2025-12-13', 33, 1, '2.00', '', 1, '2025-12-14 09:54:39'),
(802, '2025-12-13', 3, 1, '1.00', '', 1, '2025-12-14 09:54:52'),
(803, '2025-12-13', 5, 1, '1.00', '', 1, '2025-12-14 09:55:08'),
(804, '2025-12-13', 23, 1, '1.00', '', 1, '2025-12-14 09:55:16'),
(805, '2025-12-13', 1, 1, '3.00', '', 1, '2025-12-14 09:55:29'),
(806, '2025-12-13', 2, 1, '4.00', '', 1, '2025-12-14 09:55:41'),
(807, '2025-12-13', 6, 1, '4.00', '', 1, '2025-12-14 09:55:50'),
(808, '2025-12-13', 6, 1, '3.00', '', 1, '2025-12-14 09:56:02'),
(809, '2025-12-13', 5, 1, '3.00', '', 1, '2025-12-14 09:56:14'),
(810, '2025-12-13', 19, 1, '1.00', '', 1, '2025-12-14 09:56:34'),
(811, '2025-12-13', 26, 1, '725.00', '', 1, '2025-12-14 09:56:49'),
(812, '2025-12-13', 5, 1, '7.00', '', 1, '2025-12-14 09:57:01'),
(813, '2025-12-13', 23, 1, '13.00', '', 1, '2025-12-14 09:57:10'),
(814, '2025-12-13', 28, 1, '4.00', '', 1, '2025-12-14 09:57:24'),
(815, '2025-12-13', 26, 1, '50.00', '', 1, '2025-12-14 09:57:34'),
(816, '2025-12-13', 23, 1, '2.00', '', 1, '2025-12-14 09:57:45'),
(817, '2025-12-11', 8, 1, '1.00', '', 1, '2025-12-14 10:08:04'),
(818, '2025-12-11', 8, 1, '4.00', '', 1, '2025-12-14 10:08:20'),
(819, '2025-12-11', 14, 1, '3.00', '', 1, '2025-12-14 10:08:44'),
(820, '2025-12-11', 11, 1, '6.00', '', 1, '2025-12-14 10:08:54'),
(821, '2025-12-11', 8, 1, '2.00', '', 1, '2025-12-14 10:09:15'),
(822, '2025-12-11', 11, 1, '1.00', '', 1, '2025-12-14 10:09:25'),
(823, '2025-12-12', 8, 1, '1.00', '', 1, '2025-12-14 10:09:39'),
(824, '2025-12-12', 12, 1, '1.00', '', 1, '2025-12-14 10:09:56'),
(825, '2025-12-12', 8, 1, '1.00', '', 1, '2025-12-14 10:10:10'),
(826, '2025-12-12', 12, 1, '2.00', '', 1, '2025-12-14 10:10:23'),
(827, '2025-12-12', 11, 1, '1.00', '', 1, '2025-12-14 10:10:34'),
(828, '2025-12-13', 11, 1, '1.00', '', 1, '2025-12-14 10:10:54'),
(829, '2025-12-13', 8, 1, '1.00', '', 1, '2025-12-14 10:11:03'),
(830, '2025-12-13', 13, 1, '1.00', '', 1, '2025-12-14 10:11:12'),
(831, '2025-12-10', 1, 1, '2.00', '', 1, '2025-12-14 10:13:37'),
(832, '2025-12-14', 17, 1, '1.00', '', 1, '2025-12-15 10:19:21'),
(833, '2025-12-14', 6, 1, '4.00', '', 1, '2025-12-15 10:19:35'),
(834, '2025-12-14', 20, 1, '1.00', '', 1, '2025-12-15 10:19:48'),
(835, '2025-12-14', 3, 1, '1.00', '', 1, '2025-12-15 10:19:58'),
(836, '2025-12-14', 1, 1, '3.00', '', 1, '2025-12-15 10:20:18'),
(837, '2025-12-14', 2, 1, '4.00', '', 1, '2025-12-15 10:20:30'),
(838, '2025-12-14', 15, 1, '2.00', '', 1, '2025-12-15 10:20:43'),
(839, '2025-12-14', 22, 1, '1.00', '', 1, '2025-12-15 10:20:56'),
(840, '2025-12-14', 5, 1, '1.00', '', 1, '2025-12-15 10:21:05'),
(841, '2025-12-14', 23, 1, '2.00', '', 1, '2025-12-15 10:21:23'),
(842, '2025-12-14', 1, 1, '2.00', '', 1, '2025-12-15 10:21:38'),
(843, '2025-12-14', 6, 1, '4.00', '', 1, '2025-12-15 10:21:50'),
(844, '2025-12-14', 17, 1, '1.00', '', 1, '2025-12-15 10:25:21'),
(845, '2025-12-14', 20, 1, '1.00', '', 1, '2025-12-15 10:25:34'),
(846, '2025-12-14', 19, 1, '1.00', '', 1, '2025-12-15 10:25:46'),
(847, '2025-12-14', 5, 1, '7.00', '', 1, '2025-12-15 10:26:29'),
(848, '2025-12-14', 23, 1, '5.00', '', 1, '2025-12-15 10:26:41'),
(849, '2025-12-14', 28, 1, '3.00', '', 1, '2025-12-15 10:26:54'),
(850, '2025-12-14', 29, 1, '1.00', '', 1, '2025-12-15 10:27:05'),
(851, '2025-12-14', 26, 1, '525.00', '', 1, '2025-12-15 10:27:16'),
(852, '2025-12-14', 8, 1, '2.00', '', 1, '2025-12-15 10:27:30'),
(853, '2025-12-14', 14, 1, '1.00', '', 1, '2025-12-15 10:27:41'),
(854, '2025-12-14', 11, 1, '2.00', '', 1, '2025-12-15 10:27:57'),
(855, '2025-12-15', 35, 1, '1.00', '', 1, '2025-12-16 14:23:07'),
(856, '2025-12-15', 2, 1, '4.00', '', 1, '2025-12-16 14:23:19'),
(857, '2025-12-15', 6, 1, '3.00', '', 1, '2025-12-16 14:23:32'),
(858, '2025-12-15', 36, 1, '1.00', '', 1, '2025-12-16 14:25:06'),
(859, '2025-12-15', 15, 1, '2.00', '', 1, '2025-12-16 14:25:18'),
(860, '2025-12-15', 17, 1, '1.00', '', 1, '2025-12-16 14:25:44'),
(861, '2025-12-15', 1, 1, '2.00', '', 1, '2025-12-16 14:25:56'),
(862, '2025-12-15', 21, 1, '1.00', '', 1, '2025-12-16 14:26:08'),
(863, '2025-12-15', 23, 1, '2.00', '', 1, '2025-12-16 14:26:23'),
(864, '2025-12-15', 1, 1, '2.00', '', 1, '2025-12-16 14:26:37'),
(865, '2025-12-15', 30, 1, '1.00', '', 1, '2025-12-16 14:26:51'),
(866, '2025-12-15', 5, 1, '2.00', '', 1, '2025-12-16 14:27:06'),
(867, '2025-12-15', 23, 1, '3.00', '', 1, '2025-12-16 14:27:18'),
(868, '2025-12-15', 33, 1, '2.00', '', 1, '2025-12-16 14:27:30'),
(869, '2025-12-15', 17, 1, '1.00', '', 1, '2025-12-16 14:27:59'),
(870, '2025-12-15', 6, 1, '2.00', '', 1, '2025-12-16 14:28:13'),
(871, '2025-12-15', 2, 1, '2.00', '', 1, '2025-12-16 14:28:23'),
(872, '2025-12-15', 33, 1, '2.00', '', 1, '2025-12-16 14:28:34'),
(873, '2025-12-15', 5, 1, '7.00', '', 1, '2025-12-16 14:28:45'),
(874, '2025-12-15', 23, 1, '22.00', '', 1, '2025-12-16 14:28:55'),
(875, '2025-12-15', 28, 1, '7.00', '', 1, '2025-12-16 14:31:10'),
(876, '2025-12-15', 29, 1, '1.00', '', 1, '2025-12-16 14:31:21'),
(877, '2025-12-15', 26, 1, '600.00', '', 1, '2025-12-16 14:31:33'),
(878, '2025-12-15', 2, 1, '9.00', '', 1, '2025-12-16 14:31:42'),
(879, '2025-12-16', 33, 1, '2.00', '', 1, '2025-12-17 04:38:25'),
(880, '2025-12-16', 1, 1, '6.00', '', 1, '2025-12-17 04:38:37'),
(881, '2025-12-16', 18, 1, '1.00', '', 1, '2025-12-17 04:38:50'),
(882, '2025-12-16', 20, 1, '1.00', '', 1, '2025-12-17 04:39:00'),
(883, '2025-12-16', 17, 1, '1.00', '', 1, '2025-12-17 04:39:21'),
(884, '2025-12-16', 3, 1, '1.00', '', 1, '2025-12-17 04:39:30'),
(885, '2025-12-16', 6, 1, '2.00', '', 1, '2025-12-17 04:39:42'),
(886, '2025-12-16', 35, 8, '1.00', '', 1, '2025-12-17 04:39:51'),
(887, '2025-12-16', 33, 1, '2.00', '', 1, '2025-12-17 04:40:03'),
(888, '2025-12-16', 33, 1, '2.00', '', 1, '2025-12-17 04:40:12'),
(889, '2025-12-16', 23, 1, '1.00', '', 1, '2025-12-17 04:40:29'),
(890, '2025-12-16', 33, 1, '2.00', '', 1, '2025-12-17 04:40:41'),
(891, '2025-12-16', 1, 1, '2.00', '', 1, '2025-12-17 04:40:54'),
(892, '2025-12-16', 6, 1, '3.00', '', 1, '2025-12-17 04:41:05'),
(893, '2025-12-16', 17, 1, '1.00', '', 1, '2025-12-17 04:41:19'),
(894, '2025-12-16', 1, 1, '2.00', '', 1, '2025-12-17 04:41:30'),
(895, '2025-12-16', 19, 1, '1.00', '', 1, '2025-12-17 04:41:43'),
(896, '2025-12-16', 20, 1, '1.00', '', 1, '2025-12-17 04:41:53'),
(897, '2025-12-16', 6, 1, '2.00', '', 1, '2025-12-17 04:42:07'),
(898, '2025-12-16', 15, 1, '2.00', '', 1, '2025-12-17 04:42:19'),
(899, '2025-12-16', 22, 1, '1.00', '', 1, '2025-12-17 04:42:39'),
(900, '2025-12-16', 20, 1, '1.00', '', 1, '2025-12-17 04:42:51'),
(901, '2025-12-16', 17, 1, '1.00', '', 1, '2025-12-17 04:43:01'),
(902, '2025-12-16', 3, 1, '1.00', '', 1, '2025-12-17 04:43:10'),
(903, '2025-12-16', 21, 1, '1.00', '', 1, '2025-12-17 04:43:40'),
(904, '2025-12-16', 24, 1, '1.00', '', 1, '2025-12-17 04:44:00'),
(905, '2025-12-16', 1, 1, '2.00', '', 1, '2025-12-17 04:44:19'),
(906, '2025-12-16', 23, 1, '16.00', '', 1, '2025-12-17 04:44:34'),
(907, '2025-12-16', 5, 1, '4.00', '', 1, '2025-12-17 04:44:49'),
(908, '2025-12-16', 28, 1, '2.00', '', 1, '2025-12-17 04:46:12'),
(909, '2025-12-16', 29, 1, '2.00', '', 1, '2025-12-17 04:46:28'),
(910, '2025-12-16', 26, 1, '675.00', '', 1, '2025-12-17 04:46:41'),
(911, '2025-12-16', 30, 1, '1.00', '', 1, '2025-12-17 04:46:53'),
(912, '2025-12-17', 3, 1, '1.00', '', 1, '2025-12-18 05:05:38'),
(913, '2025-12-17', 7, 1, '1.00', '', 1, '2025-12-18 05:05:49'),
(914, '2025-12-17', 31, 1, '1.00', '', 1, '2025-12-18 05:06:01'),
(915, '2025-12-17', 23, 1, '1.00', '', 1, '2025-12-18 05:06:22'),
(916, '2025-12-17', 1, 1, '3.00', '', 1, '2025-12-18 05:06:32'),
(917, '2025-12-17', 17, 1, '1.00', '', 1, '2025-12-18 05:06:43'),
(918, '2025-12-17', 19, 1, '1.00', '', 1, '2025-12-18 05:06:52'),
(919, '2025-12-17', 6, 1, '4.00', '', 1, '2025-12-18 05:07:03'),
(920, '2025-12-17', 1, 1, '2.00', '', 1, '2025-12-18 05:07:17'),
(921, '2025-12-17', 2, 1, '4.00', '', 1, '2025-12-18 05:07:27'),
(922, '2025-12-17', 5, 1, '1.00', '', 1, '2025-12-18 05:07:38'),
(923, '2025-12-17', 5, 1, '7.00', '', 1, '2025-12-18 05:07:48'),
(924, '2025-12-17', 23, 1, '15.00', '', 1, '2025-12-18 05:08:02'),
(925, '2025-12-17', 29, 1, '2.00', '', 1, '2025-12-18 05:08:16'),
(926, '2025-12-17', 28, 1, '1.00', '', 1, '2025-12-18 05:08:27'),
(927, '2025-12-17', 30, 1, '1.00', '', 1, '2025-12-18 05:08:37'),
(928, '2025-12-17', 26, 1, '500.00', '', 1, '2025-12-18 05:08:46'),
(929, '2025-12-18', 17, 1, '1.00', '', 1, '2025-12-19 05:37:40'),
(930, '2025-12-18', 6, 1, '2.00', '', 1, '2025-12-19 05:37:51'),
(931, '2025-12-18', 3, 1, '1.00', '', 1, '2025-12-19 05:38:00'),
(932, '2025-12-18', 1, 1, '2.00', '', 1, '2025-12-19 05:38:10'),
(933, '2025-12-18', 35, 1, '1.00', '', 1, '2025-12-19 05:38:20'),
(934, '2025-12-18', 1, 1, '3.00', '', 1, '2025-12-19 05:38:42'),
(935, '2025-12-18', 20, 1, '1.00', '', 1, '2025-12-19 05:38:58'),
(936, '2025-12-18', 17, 1, '1.00', '', 1, '2025-12-19 05:39:12'),
(937, '2025-12-18', 48, 1, '1.00', '', 1, '2025-12-19 05:39:23'),
(938, '2025-12-18', 2, 1, '4.00', '', 1, '2025-12-19 05:39:34'),
(939, '2025-12-18', 5, 1, '9.00', '', 1, '2025-12-19 05:39:44'),
(940, '2025-12-18', 48, 1, '3.00', '', 1, '2025-12-19 05:39:53'),
(941, '2025-12-18', 15, 1, '5.00', '', 1, '2025-12-19 05:40:05'),
(942, '2025-12-18', 17, 1, '3.00', '', 1, '2025-12-19 05:40:15'),
(943, '2025-12-18', 19, 1, '3.00', '', 1, '2025-12-19 05:40:27'),
(944, '2025-12-18', 20, 1, '2.00', '', 1, '2025-12-19 05:40:41'),
(945, '2025-12-18', 29, 1, '1.00', '', 1, '2025-12-19 05:40:55'),
(946, '2025-12-18', 28, 1, '1.00', '', 1, '2025-12-19 05:41:05'),
(947, '2025-12-18', 26, 1, '1500.00', '', 1, '2025-12-19 05:41:24'),
(948, '2025-12-18', 26, 1, '500.00', '', 1, '2025-12-19 05:41:37'),
(949, '2025-12-18', 27, 1, '750.00', '', 1, '2025-12-19 05:44:29'),
(950, '2025-12-18', 5, 1, '1.00', '', 1, '2025-12-19 05:44:39'),
(951, '2025-12-18', 28, 1, '3.00', '', 1, '2025-12-19 05:44:51'),
(952, '2025-12-18', 23, 1, '12.00', '', 1, '2025-12-19 05:45:04'),
(953, '2025-12-15', 11, 1, '2.00', '', 1, '2025-12-19 05:46:08'),
(954, '2025-12-15', 12, 1, '2.00', '', 1, '2025-12-19 05:46:27'),
(956, '2025-12-18', 8, 1, '8.00', '', 1, '2025-12-19 05:46:52'),
(957, '2025-12-18', 9, 1, '18.00', '', 1, '2025-12-19 05:47:14'),
(959, '2025-12-19', 7, 1, '1.00', '', 1, '2025-12-20 14:17:11'),
(960, '2025-12-19', 17, 1, '1.00', '', 1, '2025-12-20 14:17:20'),
(961, '2025-12-19', 19, 1, '1.00', '', 1, '2025-12-20 14:17:29'),
(962, '2025-12-19', 3, 1, '1.00', '', 1, '2025-12-20 14:17:38'),
(963, '2025-12-19', 30, 1, '1.00', '', 1, '2025-12-20 14:17:47'),
(964, '2025-12-19', 1, 1, '4.00', '', 1, '2025-12-20 14:17:57'),
(965, '2025-12-19', 33, 1, '6.00', '', 1, '2025-12-20 14:18:45'),
(966, '2025-12-19', 35, 1, '1.00', '', 1, '2025-12-20 14:19:03'),
(967, '2025-12-19', 23, 1, '1.00', '', 1, '2025-12-20 14:19:15'),
(968, '2025-12-19', 28, 1, '1.00', '', 1, '2025-12-20 14:19:24'),
(969, '2025-12-19', 7, 1, '1.00', '', 1, '2025-12-20 14:19:36'),
(970, '2025-12-19', 1, 1, '2.00', '', 1, '2025-12-20 14:19:45'),
(971, '2025-12-19', 2, 1, '4.00', '', 1, '2025-12-20 14:20:00'),
(972, '2025-12-19', 17, 1, '1.00', '', 1, '2025-12-20 14:20:09'),
(973, '2025-12-19', 48, 1, '1.00', '', 1, '2025-12-20 14:20:22'),
(974, '2025-12-19', 23, 1, '18.00', '', 1, '2025-12-20 14:21:02'),
(975, '2025-12-19', 23, 1, '2.00', '', 1, '2025-12-20 14:21:41'),
(976, '2025-12-19', 23, 1, '1.00', '', 1, '2025-12-20 14:21:52'),
(977, '2025-12-19', 28, 1, '1.00', '', 1, '2025-12-20 14:22:01'),
(978, '2025-12-19', 20, 1, '1.00', '', 1, '2025-12-20 14:22:09'),
(979, '2025-12-19', 15, 1, '2.00', '', 1, '2025-12-20 14:22:17'),
(980, '2025-12-19', 26, 1, '275.00', '', 1, '2025-12-20 14:22:26'),
(981, '2025-12-19', 23, 1, '3.00', '', 1, '2025-12-20 14:22:36'),
(982, '2025-12-19', 5, 1, '2.00', '', 1, '2025-12-20 14:22:48'),
(983, '2025-12-19', 23, 1, '10.00', '', 1, '2025-12-20 14:23:01'),
(984, '2025-12-19', 5, 1, '3.00', '', 1, '2025-12-20 14:23:17'),
(985, '2025-12-19', 28, 1, '2.00', '', 1, '2025-12-20 14:23:26'),
(986, '2025-12-19', 29, 1, '1.00', '', 1, '2025-12-20 14:23:36'),
(987, '2025-12-19', 26, 1, '575.00', '', 1, '2025-12-20 14:23:45'),
(988, '2025-12-19', 11, 1, '2.00', '', 1, '2025-12-20 14:24:14'),
(989, '2025-12-19', 8, 1, '1.00', '', 1, '2025-12-20 14:24:25'),
(990, '2025-12-19', 9, 1, '1.00', '', 1, '2025-12-20 14:24:34'),
(991, '2025-12-19', 12, 1, '1.00', '', 1, '2025-12-20 14:24:45'),
(992, '2025-12-20', 48, 1, '1.00', '', 1, '2025-12-21 12:11:12'),
(993, '2025-12-20', 20, 1, '1.00', '', 1, '2025-12-21 12:11:31'),
(994, '2025-12-20', 22, 1, '1.00', '', 1, '2025-12-21 12:11:43'),
(995, '2025-12-20', 21, 1, '1.00', '', 1, '2025-12-21 12:11:55'),
(996, '2025-12-20', 17, 1, '1.00', '', 1, '2025-12-21 12:12:05'),
(997, '2025-12-20', 15, 1, '2.00', '', 1, '2025-12-21 12:12:15'),
(998, '2025-12-20', 3, 1, '1.00', '', 1, '2025-12-21 12:12:27'),
(999, '2025-12-20', 1, 1, '3.00', '', 1, '2025-12-21 12:12:36'),
(1000, '2025-12-20', 2, 1, '5.00', '', 1, '2025-12-21 12:12:47'),
(1001, '2025-12-20', 19, 1, '1.00', '', 1, '2025-12-21 12:13:27'),
(1002, '2025-12-20', 5, 1, '1.00', '', 1, '2025-12-21 12:14:45'),
(1003, '2025-12-20', 23, 1, '1.00', '', 1, '2025-12-21 12:14:54'),
(1004, '2025-12-20', 35, 8, '1.00', '', 1, '2025-12-21 12:15:04'),
(1005, '2025-12-20', 1, 1, '3.00', '', 1, '2025-12-21 12:15:13'),
(1006, '2025-12-20', 26, 1, '75.00', '', 1, '2025-12-21 12:15:23'),
(1007, '2025-12-20', 7, 1, '1.00', '', 1, '2025-12-21 12:15:36'),
(1008, '2025-12-20', 17, 1, '2.00', '', 1, '2025-12-21 12:15:46'),
(1009, '2025-12-20', 20, 1, '1.00', '', 1, '2025-12-21 12:16:03'),
(1010, '2025-12-20', 24, 1, '1.00', '', 1, '2025-12-21 12:16:42'),
(1011, '2025-12-20', 2, 1, '4.00', '', 1, '2025-12-21 12:16:51'),
(1012, '2025-12-20', 48, 1, '1.00', '', 1, '2025-12-21 12:17:01'),
(1013, '2025-12-20', 30, 1, '1.00', '', 1, '2025-12-21 12:17:12'),
(1014, '2025-12-20', 23, 1, '2.00', '', 1, '2025-12-21 12:17:21'),
(1015, '2025-12-20', 33, 1, '2.00', '', 1, '2025-12-21 12:17:30'),
(1016, '2025-12-20', 5, 1, '5.00', '', 1, '2025-12-21 12:17:40'),
(1017, '2025-12-20', 33, 1, '2.00', '', 1, '2025-12-21 12:17:51'),
(1018, '2025-12-20', 23, 1, '11.00', '', 1, '2025-12-21 12:18:05'),
(1019, '2025-12-20', 5, 1, '4.00', '', 1, '2025-12-21 12:21:19'),
(1020, '2025-12-20', 28, 1, '3.00', '', 1, '2025-12-21 12:25:52'),
(1021, '2025-12-20', 29, 1, '1.00', '', 1, '2025-12-21 12:26:03'),
(1022, '2025-12-20', 27, 1, '150.00', '', 1, '2025-12-21 12:26:18'),
(1023, '2025-12-20', 26, 1, '600.00', '', 1, '2025-12-21 12:26:28'),
(1024, '2025-12-21', 1, 1, '2.00', '', 1, '2025-12-22 12:55:55'),
(1025, '2025-12-21', 22, 1, '1.00', '', 1, '2025-12-22 12:56:12'),
(1026, '2025-12-21', 20, 1, '1.00', '', 1, '2025-12-22 12:56:23'),
(1027, '2025-12-21', 17, 1, '1.00', '', 1, '2025-12-22 12:56:33'),
(1028, '2025-12-21', 19, 1, '1.00', '', 1, '2025-12-22 12:56:46'),
(1029, '2025-12-21', 48, 1, '1.00', '', 1, '2025-12-22 12:56:57'),
(1030, '2025-12-21', 2, 1, '4.00', '', 1, '2025-12-22 12:57:07'),
(1031, '2025-12-21', 3, 1, '1.00', '', 1, '2025-12-22 12:57:18'),
(1032, '2025-12-21', 47, 1, '1.00', '', 1, '2025-12-22 13:02:32'),
(1033, '2025-12-21', 33, 1, '2.00', '', 1, '2025-12-22 13:02:46'),
(1034, '2025-12-21', 32, 1, '1.00', '', 1, '2025-12-22 13:02:59'),
(1035, '2025-12-21', 26, 1, '25.00', '', 1, '2025-12-22 13:03:10'),
(1036, '2025-12-21', 3, 1, '1.00', '', 1, '2025-12-22 13:03:20'),
(1037, '2025-12-21', 17, 1, '1.00', '', 1, '2025-12-22 13:03:32'),
(1038, '2025-12-21', 15, 1, '2.00', '', 1, '2025-12-22 13:03:41'),
(1039, '2025-12-21', 20, 1, '1.00', '', 1, '2025-12-22 13:03:55'),
(1040, '2025-12-21', 2, 1, '2.00', '', 1, '2025-12-22 13:04:05'),
(1041, '2025-12-21', 33, 1, '2.00', '', 1, '2025-12-22 13:04:15'),
(1042, '2025-12-21', 28, 1, '1.00', '', 1, '2025-12-22 13:04:29'),
(1043, '2025-12-21', 33, 1, '2.00', '', 1, '2025-12-22 13:04:37'),
(1044, '2025-12-21', 23, 1, '13.00', '', 1, '2025-12-22 13:05:27'),
(1045, '2025-12-21', 28, 1, '4.00', '', 1, '2025-12-22 13:05:41'),
(1046, '2025-12-21', 29, 1, '1.00', '', 1, '2025-12-22 13:05:53'),
(1047, '2025-12-21', 26, 1, '500.00', '', 1, '2025-12-22 13:06:05'),
(1048, '2025-12-21', 30, 1, '1.00', '', 1, '2025-12-22 13:06:40'),
(1049, '2025-12-22', 17, 1, '1.00', '', 1, '2025-12-22 13:06:49'),
(1050, '2025-12-22', 3, 1, '1.00', '', 1, '2025-12-22 13:06:59'),
(1052, '2025-12-21', 11, 1, '1.00', '', 1, '2025-12-22 13:12:31'),
(1053, '2025-12-21', 9, 1, '4.00', '', 1, '2025-12-22 13:13:02'),
(1054, '2025-12-21', 9, 1, '1.00', '', 1, '2025-12-22 13:13:11'),
(1055, '2025-12-22', 47, 1, '1.00', '', 1, '2025-12-22 15:39:19'),
(1056, '2025-12-22', 1, 1, '3.00', '', 1, '2025-12-22 15:39:44'),
(1057, '2025-12-22', 20, 1, '1.00', '', 1, '2025-12-22 15:39:54'),
(1058, '2025-12-22', 2, 1, '3.00', '', 1, '2025-12-22 15:40:04'),
(1059, '2025-12-22', 31, 1, '1.00', '', 1, '2025-12-22 15:40:14'),
(1060, '2025-12-22', 7, 1, '1.00', '', 1, '2025-12-22 15:40:22'),
(1061, '2025-12-22', 26, 1, '50.00', '', 1, '2025-12-22 15:40:31'),
(1062, '2025-12-22', 28, 1, '2.00', '', 1, '2025-12-22 15:40:44'),
(1063, '2025-12-22', 29, 1, '1.00', '', 1, '2025-12-22 15:41:01'),
(1064, '2025-12-22', 23, 1, '1.00', '', 1, '2025-12-22 15:41:08'),
(1065, '2025-12-22', 1, 1, '3.00', '', 1, '2025-12-22 15:41:27'),
(1066, '2025-12-22', 17, 1, '2.00', '', 1, '2025-12-22 15:41:37'),
(1067, '2025-12-22', 19, 1, '1.00', '', 1, '2025-12-22 15:41:43'),
(1068, '2025-12-22', 48, 1, '1.00', '', 1, '2025-12-22 15:41:52'),
(1069, '2025-12-22', 15, 1, '2.00', '', 1, '2025-12-22 15:41:59'),
(1070, '2025-12-22', 21, 1, '1.00', '', 1, '2025-12-22 15:42:07'),
(1071, '2025-12-22', 20, 1, '1.00', '', 1, '2025-12-22 15:42:15'),
(1072, '2025-12-22', 2, 1, '4.00', '', 1, '2025-12-22 15:42:22'),
(1073, '2025-12-22', 26, 1, '775.00', '', 1, '2025-12-22 15:42:32'),
(1074, '2025-12-23', 27, 1, '50.00', '', 1, '2025-12-24 05:41:00'),
(1075, '2025-12-23', 2, 1, '4.00', '', 1, '2025-12-24 05:41:35'),
(1076, '2025-12-23', 26, 1, '100.00', '', 1, '2025-12-24 05:41:49'),
(1077, '2025-12-23', 27, 1, '150.00', '', 1, '2025-12-24 05:42:44'),
(1078, '2025-12-23', 47, 1, '1.00', '', 1, '2025-12-24 05:42:54'),
(1079, '2025-12-23', 23, 1, '10.00', '', 1, '2025-12-24 05:43:06'),
(1080, '2025-12-23', 28, 1, '3.00', '', 1, '2025-12-24 05:43:20'),
(1081, '2025-12-23', 30, 1, '1.00', '', 1, '2025-12-24 05:43:36'),
(1082, '2025-12-23', 20, 1, '1.00', '', 1, '2025-12-24 05:43:46'),
(1083, '2025-12-22', 27, 1, '800.00', '', 1, '2025-12-24 05:45:27'),
(1084, '2025-12-22', 3, 1, '1.00', '', 1, '2025-12-24 05:45:38'),
(1085, '2025-12-22', 17, 1, '1.00', '', 1, '2025-12-24 05:45:52'),
(1086, '2025-12-22', 19, 1, '1.00', '', 1, '2025-12-24 05:46:03'),
(1087, '2025-12-22', 2, 1, '2.00', '', 1, '2025-12-24 05:46:13'),
(1088, '2025-12-23', 9, 1, '2.00', '', 1, '2025-12-24 05:46:41'),
(1089, '2025-12-23', 9, 1, '1.00', '', 1, '2025-12-24 05:46:50'),
(1090, '2025-12-23', 9, 1, '1.00', '', 1, '2025-12-24 05:47:00'),
(1091, '2025-12-23', 12, 1, '1.00', '', 1, '2025-12-25 04:44:00'),
(1092, '2025-12-24', 23, 1, '2.00', '', 1, '2025-12-25 04:44:52'),
(1093, '2025-12-24', 1, 1, '1.00', '', 1, '2025-12-25 04:45:01'),
(1094, '2025-12-24', 48, 1, '1.00', '', 1, '2025-12-25 04:45:10'),
(1095, '2025-12-24', 35, 8, '1.00', '', 1, '2025-12-25 04:45:28'),
(1096, '2025-12-24', 20, 1, '1.00', '', 1, '2025-12-25 04:45:39'),
(1097, '2025-12-24', 2, 1, '4.00', '', 1, '2025-12-25 04:45:50'),
(1098, '2025-12-24', 3, 1, '1.00', '', 1, '2025-12-25 04:45:58'),
(1099, '2025-12-24', 7, 1, '1.00', '', 1, '2025-12-25 04:46:08'),
(1100, '2025-12-24', 28, 1, '1.00', '', 1, '2025-12-25 04:46:19'),
(1101, '2025-12-24', 1, 1, '3.00', '', 1, '2025-12-25 04:46:29'),
(1102, '2025-12-24', 48, 1, '1.00', '', 1, '2025-12-25 04:46:40'),
(1103, '2025-12-24', 17, 1, '1.00', '', 1, '2025-12-25 04:46:50'),
(1104, '2025-12-24', 19, 1, '1.00', '', 1, '2025-12-25 04:47:02'),
(1105, '2025-12-24', 2, 1, '2.00', '', 1, '2025-12-25 04:47:14'),
(1106, '2025-12-24', 26, 1, '625.00', '', 1, '2025-12-25 04:47:28'),
(1107, '2025-12-24', 47, 1, '1.00', '', 1, '2025-12-25 04:47:48'),
(1108, '2025-12-24', 29, 1, '1.00', '', 1, '2025-12-25 04:48:00'),
(1109, '2025-12-24', 28, 1, '1.00', '', 1, '2025-12-25 04:48:10'),
(1110, '2025-12-24', 30, 1, '1.00', '', 1, '2025-12-25 04:48:21'),
(1111, '2025-12-24', 9, 1, '3.00', '', 1, '2025-12-25 04:48:45'),
(1112, '2025-12-24', 12, 1, '1.00', '', 1, '2025-12-25 04:48:55'),
(1113, '2025-12-25', 2, 1, '4.00', '', 1, '2025-12-26 05:08:47'),
(1114, '2025-12-25', 35, 1, '1.00', '', 1, '2025-12-26 05:08:58'),
(1115, '2025-12-25', 17, 1, '1.00', '', 1, '2025-12-26 05:09:10'),
(1116, '2025-12-25', 19, 1, '1.00', '', 1, '2025-12-26 05:09:24'),
(1117, '2025-12-25', 1, 1, '4.00', '', 1, '2025-12-26 05:09:41'),
(1118, '2025-12-25', 21, 1, '1.00', '', 1, '2025-12-26 05:09:52'),
(1119, '2025-12-25', 24, 1, '1.00', '', 1, '2025-12-26 05:10:03'),
(1120, '2025-12-25', 15, 1, '3.00', '', 1, '2025-12-26 05:10:23'),
(1121, '2025-12-25', 22, 1, '1.00', '', 1, '2025-12-26 05:10:38'),
(1122, '2025-12-25', 20, 1, '1.00', '', 1, '2025-12-26 05:10:49'),
(1123, '2025-12-25', 1, 1, '3.00', '', 1, '2025-12-26 05:13:35'),
(1124, '2025-12-25', 2, 1, '2.00', '', 1, '2025-12-26 05:13:45'),
(1125, '2025-12-25', 26, 1, '350.00', '', 1, '2025-12-26 05:13:59'),
(1126, '2025-12-25', 28, 1, '7.00', '', 1, '2025-12-26 05:14:16'),
(1127, '2025-12-25', 29, 1, '1.00', '', 1, '2025-12-26 05:14:25'),
(1128, '2025-12-25', 33, 1, '6.00', '', 1, '2025-12-26 05:14:35'),
(1129, '2025-12-25', 13, 1, '1.00', '', 1, '2025-12-26 05:14:56'),
(1130, '2025-12-25', 9, 1, '4.00', '', 1, '2025-12-26 05:15:06'),
(1131, '2025-12-25', 11, 1, '4.00', '', 1, '2025-12-26 05:15:16'),
(1132, '2025-12-25', 12, 1, '2.00', '', 1, '2025-12-26 05:15:27'),
(1133, '2025-12-25', 14, 1, '1.00', '', 1, '2025-12-26 05:15:39'),
(1134, '2025-12-26', 2, 1, '5.00', '', 1, '2025-12-29 13:18:49'),
(1135, '2025-12-26', 1, 1, '3.00', '', 1, '2025-12-29 13:32:52'),
(1136, '2025-12-26', 48, 1, '2.00', '', 1, '2025-12-29 13:33:01'),
(1137, '2025-12-26', 17, 1, '1.00', '', 1, '2025-12-29 13:33:24'),
(1138, '2025-12-26', 35, 8, '1.00', '', 1, '2025-12-29 13:33:35'),
(1139, '2025-12-26', 1, 1, '2.00', '', 1, '2025-12-29 13:33:48'),
(1140, '2025-12-26', 18, 1, '1.00', '', 1, '2025-12-29 13:34:06'),
(1141, '2025-12-26', 17, 1, '1.00', '', 1, '2025-12-29 13:34:15'),
(1142, '2025-12-26', 1, 1, '3.00', '', 1, '2025-12-29 13:34:30'),
(1143, '2025-12-26', 7, 1, '1.00', '', 1, '2025-12-29 13:34:46'),
(1144, '2025-12-26', 47, 1, '1.00', '', 1, '2025-12-29 13:35:12'),
(1145, '2025-12-26', 3, 1, '1.00', '', 1, '2025-12-29 13:35:23'),
(1146, '2025-12-26', 7, 1, '1.00', '', 1, '2025-12-29 13:38:41'),
(1147, '2025-12-26', 20, 1, '1.00', '', 1, '2025-12-29 13:38:55'),
(1148, '2025-12-26', 15, 1, '1.00', '', 1, '2025-12-29 13:39:09'),
(1149, '2025-12-26', 2, 1, '3.00', '', 1, '2025-12-29 13:39:21'),
(1150, '2025-12-26', 1, 1, '2.00', '', 1, '2025-12-29 13:39:35'),
(1151, '2025-12-26', 26, 1, '210.00', '', 1, '2025-12-29 13:39:48'),
(1152, '2025-12-26', 28, 1, '3.00', '', 1, '2025-12-29 13:40:04'),
(1153, '2025-12-26', 29, 1, '2.00', '', 1, '2025-12-29 13:40:13'),
(1154, '2025-12-26', 26, 1, '600.00', '', 1, '2025-12-29 13:40:27'),
(1155, '2025-12-26', 48, 1, '10.00', '', 1, '2025-12-29 13:40:56'),
(1156, '2025-12-26', 30, 1, '1.00', '', 1, '2025-12-29 13:41:13'),
(1157, '2025-12-26', 23, 1, '1.00', '', 1, '2025-12-29 13:41:26'),
(1158, '2025-12-26', 28, 1, '5.00', '', 1, '2025-12-29 13:41:42'),
(1159, '2025-12-26', 9, 1, '1.00', '', 1, '2025-12-29 13:42:09'),
(1160, '2025-12-26', 9, 1, '2.00', '', 1, '2025-12-29 13:42:18'),
(1161, '2025-12-26', 8, 1, '1.00', '', 1, '2025-12-29 13:42:56'),
(1162, '2025-12-26', 12, 1, '1.00', '', 1, '2025-12-29 13:43:13'),
(1163, '2025-12-27', 32, 1, '1.00', '', 1, '2025-12-29 13:43:36'),
(1164, '2025-12-27', 17, 1, '1.00', '', 1, '2025-12-29 13:44:10'),
(1165, '2025-12-27', 2, 1, '4.00', '', 1, '2025-12-29 13:44:27'),
(1166, '2025-12-27', 3, 1, '1.00', '', 1, '2025-12-29 13:44:41'),
(1167, '2025-12-27', 1, 1, '3.00', '', 1, '2025-12-29 13:44:48'),
(1168, '2025-12-27', 19, 1, '1.00', '', 1, '2025-12-29 13:45:13'),
(1169, '2025-12-27', 18, 1, '1.00', '', 1, '2025-12-29 13:45:21'),
(1170, '2025-12-27', 20, 1, '1.00', '', 1, '2025-12-29 13:45:49'),
(1171, '2025-12-27', 33, 1, '2.00', '', 1, '2025-12-29 13:46:01'),
(1172, '2025-12-27', 28, 1, '2.00', '', 1, '2025-12-29 13:46:20'),
(1173, '2025-12-27', 29, 1, '2.00', '', 1, '2025-12-29 13:46:37'),
(1174, '2025-12-27', 26, 1, '300.00', '', 1, '2025-12-29 13:46:51'),
(1175, '2025-12-27', 35, 1, '1.00', '', 1, '2025-12-29 13:47:07'),
(1176, '2025-12-27', 9, 1, '2.00', '', 1, '2025-12-29 13:47:26'),
(1177, '2025-12-28', 17, 1, '1.00', '', 1, '2025-12-29 13:47:47'),
(1178, '2025-12-28', 20, 1, '1.00', '', 1, '2025-12-29 13:47:58'),
(1179, '2025-12-28', 48, 1, '1.00', '', 1, '2025-12-29 13:48:11'),
(1180, '2025-12-28', 2, 1, '5.00', '', 1, '2025-12-29 13:48:22'),
(1181, '2025-12-28', 3, 1, '1.00', '', 1, '2025-12-29 13:48:51'),
(1182, '2025-12-28', 7, 1, '1.00', '', 1, '2025-12-29 13:49:03'),
(1183, '2025-12-28', 1, 1, '3.00', '', 1, '2025-12-29 13:49:15'),
(1184, '2025-12-28', 26, 1, '425.00', '', 1, '2025-12-29 13:49:39'),
(1185, '2025-12-28', 30, 1, '1.00', '', 1, '2025-12-29 13:49:49'),
(1186, '2025-12-28', 12, 1, '1.00', '', 1, '2025-12-29 13:50:08'),
(1187, '2025-12-28', 11, 1, '1.00', '', 1, '2025-12-29 13:50:18'),
(1188, '2025-12-24', 3, 1, '4.00', '', 1, '2025-12-29 14:03:50'),
(1189, '2025-12-24', 48, 1, '2.00', '', 1, '2025-12-29 14:04:06'),
(1190, '2025-12-24', 15, 1, '5.00', '', 1, '2025-12-29 14:04:28'),
(1191, '2025-12-24', 17, 1, '5.00', '', 1, '2025-12-29 14:04:43'),
(1192, '2025-12-24', 20, 1, '1.00', '', 1, '2025-12-29 14:04:57'),
(1193, '2025-12-24', 21, 1, '3.00', '', 1, '2025-12-29 14:05:10'),
(1194, '2025-12-24', 22, 1, '1.00', '', 1, '2025-12-29 14:05:23'),
(1195, '2025-12-24', 28, 1, '6.00', '', 1, '2025-12-29 14:05:41'),
(1196, '2025-12-24', 30, 1, '2.00', '', 1, '2025-12-29 14:05:57'),
(1197, '2025-12-24', 31, 1, '1.00', '', 1, '2025-12-29 14:06:23'),
(1198, '2025-12-24', 35, 1, '22.00', '', 1, '2025-12-29 14:06:35'),
(1199, '2025-12-24', 9, 1, '9.00', '', 1, '2025-12-29 14:13:47'),
(1200, '2025-12-25', 33, 1, '2.00', '', 1, '2025-12-30 14:17:33'),
(1201, '2025-12-28', 30, 1, '1.00', '', 1, '2025-12-31 04:28:46'),
(1202, '2025-12-28', 26, 1, '100.00', '', 1, '2025-12-31 04:28:57'),
(1203, '2025-12-29', 26, 1, '75.00', '', 1, '2025-12-31 04:29:19'),
(1204, '2025-12-29', 7, 1, '1.00', '', 1, '2025-12-31 04:29:29'),
(1205, '2025-12-29', 26, 1, '75.00', '', 1, '2025-12-31 04:29:38'),
(1206, '2025-12-29', 17, 1, '1.00', '', 1, '2025-12-31 04:29:53'),
(1207, '2025-12-29', 20, 1, '1.00', '', 1, '2025-12-31 04:30:00'),
(1208, '2025-12-29', 2, 1, '2.00', '', 1, '2025-12-31 04:30:16'),
(1209, '2025-12-29', 19, 1, '1.00', '', 1, '2025-12-31 04:30:24'),
(1210, '2025-12-29', 21, 1, '1.00', '', 1, '2025-12-31 04:30:39'),
(1211, '2025-12-29', 24, 1, '1.00', '', 1, '2025-12-31 04:30:49'),
(1212, '2025-12-29', 26, 1, '200.00', '', 1, '2025-12-31 04:31:12'),
(1213, '2025-12-29', 28, 1, '1.00', '', 1, '2025-12-31 04:31:22'),
(1214, '2025-12-29', 26, 1, '100.00', '', 1, '2025-12-31 04:31:44'),
(1215, '2025-12-29', 18, 1, '1.00', '', 1, '2025-12-31 04:31:52'),
(1216, '2025-12-29', 48, 1, '1.00', '', 1, '2025-12-31 04:32:06'),
(1217, '2025-12-29', 22, 1, '1.00', '', 1, '2025-12-31 04:32:32'),
(1218, '2025-12-29', 15, 1, '1.00', '', 1, '2025-12-31 04:32:42'),
(1219, '2025-12-29', 2, 1, '4.00', '', 1, '2025-12-31 04:32:56'),
(1220, '2025-12-29', 26, 1, '625.00', '', 1, '2025-12-31 04:33:13'),
(1221, '2025-12-29', 29, 1, '4.00', '', 1, '2025-12-31 04:33:30'),
(1222, '2025-12-29', 28, 1, '2.00', '', 1, '2025-12-31 04:33:38'),
(1223, '2025-12-30', 2, 1, '1.00', '', 1, '2025-12-31 04:33:52'),
(1224, '2025-12-30', 35, 1, '1.00', '', 1, '2025-12-31 04:34:00'),
(1225, '2025-12-30', 17, 1, '1.00', '', 1, '2025-12-31 04:34:15'),
(1226, '2025-12-30', 19, 1, '1.00', '', 1, '2025-12-31 04:34:25'),
(1227, '2025-12-30', 20, 1, '1.00', '', 1, '2025-12-31 04:34:43'),
(1228, '2025-12-30', 48, 1, '1.00', '', 1, '2025-12-31 04:34:52'),
(1229, '2025-12-30', 2, 1, '4.00', '', 1, '2025-12-31 04:35:06'),
(1230, '2025-12-30', 7, 1, '1.00', '', 1, '2025-12-31 04:35:16'),
(1231, '2025-12-30', 3, 1, '1.00', '', 1, '2025-12-31 04:35:28'),
(1232, '2025-12-30', 1, 1, '4.00', '', 1, '2025-12-31 04:35:39'),
(1233, '2025-12-30', 33, 1, '2.00', '', 1, '2025-12-31 04:36:07'),
(1234, '2025-12-30', 26, 1, '50.00', '', 1, '2025-12-31 04:36:18'),
(1235, '2025-12-30', 28, 1, '1.00', '', 1, '2025-12-31 04:36:35'),
(1236, '2025-12-30', 30, 1, '1.00', '', 1, '2025-12-31 04:36:49'),
(1237, '2025-12-30', 1, 1, '3.00', '', 1, '2025-12-31 04:37:04'),
(1238, '2025-12-30', 48, 1, '1.00', '', 1, '2025-12-31 04:37:13'),
(1239, '2025-12-30', 15, 1, '1.00', '', 1, '2025-12-31 04:37:28'),
(1240, '2025-12-30', 21, 1, '1.00', '', 1, '2025-12-31 04:37:41'),
(1241, '2025-12-30', 17, 1, '1.00', '', 1, '2025-12-31 04:37:56'),
(1242, '2025-12-30', 2, 1, '2.00', '', 1, '2025-12-31 04:38:07'),
(1243, '2025-12-30', 18, 1, '1.00', '', 1, '2025-12-31 04:38:25'),
(1244, '2025-12-30', 28, 1, '5.00', '', 1, '2025-12-31 04:39:07'),
(1245, '2025-12-30', 26, 1, '700.00', '', 1, '2025-12-31 04:40:00'),
(1246, '2025-12-31', 3, 1, '2.00', '', 1, '2025-12-31 04:40:14'),
(1247, '2025-12-31', 1, 1, '1.00', '', 1, '2025-12-31 04:40:20'),
(1248, '2025-12-31', 2, 1, '3.00', '', 1, '2025-12-31 04:40:59'),
(1249, '2025-12-31', 20, 1, '1.00', '', 1, '2025-12-31 04:41:10'),
(1250, '2025-12-31', 15, 1, '1.00', '', 1, '2025-12-31 04:41:21'),
(1251, '2025-12-29', 12, 1, '1.00', '', 1, '2025-12-31 10:03:17'),
(1252, '2025-12-29', 9, 1, '3.00', '', 1, '2025-12-31 10:03:29'),
(1253, '2025-12-29', 12, 1, '1.00', '', 1, '2025-12-31 10:03:48'),
(1254, '2025-12-29', 14, 1, '2.00', '', 1, '2025-12-31 10:04:09'),
(1255, '2025-12-29', 11, 1, '1.00', '', 1, '2025-12-31 10:04:23'),
(1256, '2025-12-30', 9, 1, '1.00', '', 1, '2025-12-31 10:04:40'),
(1257, '2025-12-30', 12, 1, '2.00', '', 1, '2025-12-31 10:04:56'),
(1258, '2025-12-30', 14, 1, '1.00', '', 1, '2025-12-31 10:05:06'),
(1259, '2025-12-27', 34, 8, '0.10', '', 1, '2025-12-31 10:09:13'),
(1260, '2025-12-11', 34, 8, '0.10', '', 1, '2025-12-31 10:15:05'),
(1261, '2025-12-17', 34, 8, '0.20', '', 1, '2025-12-31 10:15:38'),
(1262, '2025-12-20', 34, 8, '0.10', '', 1, '2025-12-31 10:16:46'),
(1263, '2025-12-03', 2, 7, '7.00', 'hilang\r\n', 1, '2025-12-31 10:18:34'),
(1264, '2025-12-31', 29, 1, '1.00', '', 1, '2025-12-31 12:48:50'),
(1265, '2025-12-31', 27, 1, '2000.00', '', 1, '2025-12-31 12:48:59'),
(1266, '2025-12-31', 7, 1, '1.00', '', 1, '2025-12-31 12:49:09'),
(1268, '2025-12-31', 17, 1, '1.00', '', 1, '2025-12-31 12:50:59'),
(1270, '2025-12-31', 33, 1, '2.00', '', 1, '2025-12-31 12:51:14'),
(1271, '2025-12-31', 17, 1, '1.00', '', 1, '2025-12-31 12:51:22'),
(1273, '2025-12-31', 48, 1, '1.00', '', 1, '2025-12-31 12:51:48'),
(1275, '2025-12-31', 2, 1, '4.00', '', 1, '2025-12-31 12:52:29'),
(1276, '2025-12-31', 18, 1, '1.00', '', 1, '2025-12-31 12:52:37'),
(1277, '2025-12-31', 1, 1, '2.00', '', 1, '2025-12-31 12:52:43'),
(1278, '2025-12-29', 3, 1, '1.00', '', 1, '2025-12-31 13:01:53'),
(1279, '2025-12-29', 1, 1, '3.00', '', 1, '2025-12-31 13:07:13'),
(1280, '2025-12-09', 1, 1, '2.00', '', 1, '2025-12-31 13:12:15'),
(1281, '2025-12-27', 7, 1, '1.00', '', 1, '2025-12-31 13:16:21'),
(1282, '2025-12-23', 27, 1, '100.00', '', 1, '2025-12-31 13:18:40'),
(1283, '2025-12-31', 9, 1, '2.00', '', 1, '2025-12-31 13:19:08'),
(1284, '2025-12-26', 9, 1, '6.00', '', 1, '2025-12-31 13:27:47'),
(1285, '2025-12-03', 16, 1, '4.00', '', 1, '2025-12-31 13:36:48'),
(1286, '2025-12-05', 16, 1, '8.00', '', 1, '2025-12-31 13:38:40'),
(1287, '2025-12-04', 16, 1, '2.00', '', 1, '2025-12-31 13:39:06'),
(1288, '2025-12-06', 16, 1, '3.00', '', 1, '2025-12-31 13:40:10'),
(1289, '2025-12-31', 17, 1, '1.00', '', 1, '2025-12-31 15:06:48'),
(1290, '2025-12-31', 29, 1, '3.00', '', 1, '2025-12-31 15:09:52'),
(1291, '2025-12-31', 30, 1, '2.00', '', 1, '2025-12-31 15:11:19'),
(1292, '2025-12-31', 28, 1, '4.00', '', 1, '2025-12-31 15:11:38'),
(1293, '2025-12-31', 21, 1, '1.00', '', 1, '2025-12-31 15:13:02'),
(1294, '2025-12-31', 23, 1, '1.00', '', 1, '2025-12-31 15:13:24'),
(1295, '2025-12-31', 22, 1, '1.00', '', 1, '2025-12-31 15:16:20'),
(1296, '2025-12-31', 8, 1, '1.00', '', 1, '2025-12-31 15:26:51'),
(1297, '2025-12-31', 16, 1, '63.00', '', 1, '2025-12-31 16:18:05'),
(1298, '2025-12-31', 35, 8, '10.00', '', 1, '2025-12-31 16:22:18'),
(1299, '2025-12-31', 34, 8, '0.30', '', 1, '2025-12-31 16:22:44');

-- --------------------------------------------------------

--
-- Struktur dari tabel `tabel_barang_masuk`
--

CREATE TABLE `tabel_barang_masuk` (
  `id_masuk` int(11) NOT NULL,
  `tanggal_masuk` date NOT NULL,
  `id_barang` int(11) NOT NULL,
  `id_supplier` int(11) NOT NULL,
  `jumlah_masuk` decimal(10,2) NOT NULL,
  `id_pengguna_pencatat` int(11) NOT NULL,
  `created_at` timestamp NOT NULL DEFAULT current_timestamp()
) ENGINE=InnoDB DEFAULT CHARSET=utf8mb4;

--
-- Dumping data untuk tabel `tabel_barang_masuk`
--

INSERT INTO `tabel_barang_masuk` (`id_masuk`, `tanggal_masuk`, `id_barang`, `id_supplier`, `jumlah_masuk`, `id_pengguna_pencatat`, `created_at`) VALUES
(1, '2025-11-03', 22, 7, '1.00', 1, '2025-12-02 08:37:45'),
(2, '2025-11-03', 15, 7, '10.00', 1, '2025-12-02 08:37:45'),
(3, '2025-11-01', 23, 7, '36.00', 1, '2025-12-02 08:37:45'),
(4, '2025-11-04', 28, 10, '10.00', 1, '2025-12-02 08:37:45'),
(5, '2025-11-04', 31, 10, '5.00', 1, '2025-12-02 08:37:45'),
(6, '2025-11-04', 29, 10, '5.00', 1, '2025-12-02 08:37:45'),
(7, '2025-11-04', 23, 7, '54.00', 1, '2025-12-02 08:37:45'),
(8, '2025-11-04', 33, 7, '12.00', 1, '2025-12-02 08:37:45'),
(9, '2025-11-04', 20, 1, '35.00', 1, '2025-12-02 08:37:45'),
(10, '2025-11-04', 7, 1, '8.00', 1, '2025-12-02 08:37:45'),
(11, '2025-11-04', 5, 7, '132.00', 1, '2025-12-02 08:37:45'),
(12, '2025-11-05', 17, 6, '50.00', 1, '2025-12-02 08:37:45'),
(13, '2025-11-05', 18, 6, '5.00', 1, '2025-12-02 08:37:45'),
(14, '2025-11-07', 23, 7, '180.00', 1, '2025-12-02 08:37:45'),
(15, '2025-11-07', 22, 7, '8.00', 1, '2025-12-02 08:37:45'),
(16, '2025-11-07', 33, 7, '36.00', 1, '2025-12-02 08:37:45'),
(17, '2025-11-07', 15, 7, '36.00', 1, '2025-12-02 08:37:45'),
(18, '2025-11-06', 2, 3, '100.00', 1, '2025-12-02 08:37:45'),
(19, '2025-11-17', 23, 7, '90.00', 1, '2025-12-02 08:37:45'),
(20, '2025-11-19', 17, 6, '20.00', 1, '2025-12-02 08:37:45'),
(21, '2025-11-19', 18, 6, '5.00', 1, '2025-12-02 08:37:45'),
(22, '2025-11-19', 2, 3, '60.00', 1, '2025-12-02 08:37:45'),
(23, '2025-11-21', 23, 7, '108.00', 1, '2025-12-02 08:37:45'),
(24, '2025-11-21', 15, 7, '15.00', 1, '2025-12-02 08:37:45'),
(25, '2025-11-22', 6, 7, '48.00', 1, '2025-12-02 08:37:45'),
(26, '2025-11-11', 25, 7, '3.00', 1, '2025-12-02 08:37:45'),
(27, '2025-11-09', 36, 7, '4.00', 1, '2025-12-02 08:37:45'),
(28, '2025-11-14', 1, 2, '250.00', 1, '2025-12-02 08:37:45'),
(29, '2025-11-17', 33, 7, '24.00', 1, '2025-12-02 08:37:45'),
(30, '2025-11-18', 7, 1, '8.00', 1, '2025-12-02 08:37:45'),
(31, '2025-11-18', 22, 1, '3.00', 1, '2025-12-02 08:37:45'),
(32, '2025-11-27', 7, 1, '2.00', 1, '2025-12-02 08:37:45'),
(33, '2025-11-27', 22, 1, '1.00', 1, '2025-12-02 08:37:45'),
(34, '2025-11-27', 33, 10, '12.00', 1, '2025-12-02 08:37:45'),
(35, '2025-11-27', 23, 7, '54.00', 1, '2025-12-02 08:37:45'),
(36, '2025-11-28', 17, 6, '20.00', 1, '2025-12-02 08:37:45'),
(37, '2025-11-28', 18, 6, '8.00', 1, '2025-12-02 08:37:45'),
(38, '2025-11-28', 2, 3, '26.00', 1, '2025-12-02 08:37:45'),
(39, '2025-11-29', 23, 7, '18.00', 1, '2025-12-02 08:37:45'),
(40, '2025-11-29', 15, 7, '4.00', 1, '2025-12-02 08:37:45'),
(41, '2025-11-29', 6, 7, '20.00', 1, '2025-12-02 08:37:45'),
(42, '2025-11-29', 19, 7, '2.00', 1, '2025-12-02 08:37:45'),
(43, '2025-11-30', 4, 4, '13.00', 1, '2025-12-02 08:37:45'),
(44, '2025-11-30', 26, 2, '6825.00', 1, '2025-12-02 08:37:45'),
(45, '2025-11-30', 40, 7, '1.00', 1, '2025-12-02 08:37:45'),
(46, '2025-11-30', 18, 2, '2.00', 1, '2025-12-02 08:37:45'),
(47, '2025-11-30', 30, 4, '1.00', 1, '2025-12-02 08:37:45'),
(48, '2025-11-30', 35, 7, '3.00', 1, '2025-12-02 08:37:45'),
(49, '2025-12-01', 23, 7, '18.00', 1, '2025-12-02 08:37:45'),
(50, '2025-12-01', 19, 7, '1.00', 1, '2025-12-02 08:37:45'),
(51, '2025-12-01', 28, 10, '10.00', 1, '2025-12-02 08:37:45'),
(52, '2025-12-01', 16, 5, '20.00', 1, '2025-12-02 08:37:45'),
(53, '2025-12-02', 2, 3, '100.00', 1, '2025-12-02 15:51:19'),
(54, '2025-12-02', 23, 7, '54.00', 1, '2025-12-02 15:51:49'),
(55, '2025-12-02', 19, 7, '5.00', 1, '2025-12-02 15:51:58'),
(56, '2025-12-02', 6, 7, '18.00', 1, '2025-12-02 15:52:06'),
(57, '2025-12-02', 28, 10, '20.00', 1, '2025-12-02 15:52:16'),
(58, '2025-12-02', 29, 10, '5.00', 1, '2025-12-02 15:52:27'),
(59, '2025-12-02', 20, 7, '5.00', 1, '2025-12-02 15:54:19'),
(60, '2025-12-02', 32, 10, '2.00', 1, '2025-12-02 15:54:26'),
(61, '2025-12-02', 33, 7, '24.00', 1, '2025-12-02 15:54:38'),
(62, '2025-12-03', 20, 1, '36.00', 1, '2025-12-03 08:21:16'),
(63, '2025-12-03', 7, 1, '8.00', 1, '2025-12-04 05:59:49'),
(64, '2025-12-03', 3, 7, '32.00', 1, '2025-12-04 06:00:04'),
(65, '2025-12-03', 17, 6, '50.00', 1, '2025-12-04 06:00:16'),
(66, '2025-12-03', 18, 6, '5.00', 1, '2025-12-04 06:00:25'),
(67, '2025-12-02', 22, 7, '3.00', 1, '2025-12-05 04:27:39'),
(68, '2025-12-04', 23, 7, '36.00', 1, '2025-12-05 04:31:11'),
(69, '2025-12-04', 33, 7, '12.00', 1, '2025-12-05 04:31:24'),
(70, '2025-12-04', 15, 7, '10.00', 1, '2025-12-05 04:31:36'),
(71, '2025-12-04', 28, 10, '10.00', 1, '2025-12-05 04:31:52'),
(72, '2025-12-04', 30, 10, '10.00', 1, '2025-12-05 04:32:05'),
(73, '2025-12-04', 32, 10, '1.00', 1, '2025-12-05 04:32:15'),
(74, '2025-12-04', 5, 7, '72.00', 1, '2025-12-05 04:36:05'),
(75, '2025-12-04', 34, 7, '1.00', 1, '2025-12-05 04:36:22'),
(76, '2025-12-04', 6, 7, '48.00', 1, '2025-12-05 04:40:54'),
(77, '2025-11-30', 13, 2, '1.00', 1, '2025-12-05 04:44:41'),
(78, '2025-12-06', 23, 7, '36.00', 1, '2025-12-07 09:17:11'),
(79, '2025-12-06', 34, 7, '1.00', 1, '2025-12-07 09:17:19'),
(80, '2025-12-07', 28, 10, '15.00', 1, '2025-12-08 10:46:33'),
(81, '2025-12-08', 22, 7, '3.00', 1, '2025-12-09 12:50:43'),
(82, '2025-12-08', 19, 7, '3.00', 1, '2025-12-09 12:50:54'),
(83, '2025-12-08', 23, 7, '36.00', 1, '2025-12-09 12:51:15'),
(84, '2025-12-09', 21, 6, '50.00', 1, '2025-12-10 03:14:43'),
(85, '2025-12-09', 24, 6, '20.00', 1, '2025-12-10 03:15:03'),
(86, '2025-12-11', 32, 10, '1.00', 1, '2025-12-12 04:28:28'),
(87, '2025-12-11', 28, 10, '10.00', 1, '2025-12-12 04:28:42'),
(88, '2025-12-11', 29, 10, '10.00', 1, '2025-12-12 04:29:01'),
(89, '2025-12-11', 6, 7, '48.00', 1, '2025-12-12 04:29:18'),
(90, '2025-12-11', 23, 7, '90.00', 1, '2025-12-12 04:29:30'),
(91, '2025-12-11', 19, 7, '24.00', 1, '2025-12-12 04:29:43'),
(92, '2025-12-11', 33, 7, '24.00', 1, '2025-12-12 04:29:56'),
(93, '2025-12-11', 5, 7, '48.00', 1, '2025-12-12 04:30:08'),
(94, '2025-12-11', 15, 7, '36.00', 1, '2025-12-12 04:30:32'),
(95, '2025-12-11', 35, 7, '78.00', 1, '2025-12-12 04:30:44'),
(96, '2025-12-11', 39, 7, '2.00', 1, '2025-12-12 04:30:54'),
(97, '2025-12-14', 5, 7, '24.00', 1, '2025-12-16 14:24:08'),
(98, '2025-12-14', 22, 7, '2.00', 1, '2025-12-16 14:24:23'),
(99, '2025-12-14', 23, 7, '54.00', 1, '2025-12-16 14:24:37'),
(100, '2025-12-14', 36, 7, '1.00', 1, '2025-12-16 14:24:49'),
(101, '2025-12-15', 28, 7, '5.00', 1, '2025-12-16 14:30:49'),
(102, '2025-12-16', 2, 3, '28.00', 1, '2025-12-17 04:45:15'),
(103, '2025-12-16', 28, 10, '20.00', 1, '2025-12-17 04:45:32'),
(104, '2025-12-16', 32, 10, '2.00', 1, '2025-12-17 04:45:46'),
(105, '2025-12-16', 2, 3, '30.00', 1, '2025-12-17 04:45:59'),
(106, '2025-12-17', 48, 7, '16.00', 1, '2025-12-18 05:09:20'),
(107, '2025-12-17', 28, 10, '15.00', 1, '2025-12-18 05:09:33'),
(108, '2025-12-17', 29, 10, '15.00', 1, '2025-12-18 05:10:04'),
(109, '2025-12-17', 30, 10, '10.00', 1, '2025-12-18 05:10:16'),
(110, '2025-12-17', 22, 7, '2.00', 1, '2025-12-18 05:10:28'),
(111, '2025-12-17', 26, 9, '4500.00', 1, '2025-12-18 05:10:49'),
(112, '2025-12-18', 26, 9, '5650.00', 1, '2025-12-19 05:42:12'),
(113, '2025-12-18', 9, 4, '10.00', 1, '2025-12-19 05:42:35'),
(114, '2025-12-18', 8, 4, '9.00', 1, '2025-12-19 05:42:47'),
(115, '2025-12-18', 9, 4, '50.00', 1, '2025-12-19 05:43:01'),
(116, '2025-12-18', 9, 4, '6.00', 1, '2025-12-19 05:43:17'),
(117, '2025-12-18', 1, 2, '100.00', 1, '2025-12-19 05:43:52'),
(118, '2025-12-18', 27, 9, '2000.00', 1, '2025-12-19 05:44:07'),
(120, '2025-12-19', 33, 7, '6.00', 1, '2025-12-20 14:18:36'),
(121, '2025-12-19', 23, 7, '54.00', 1, '2025-12-20 14:20:52'),
(123, '2025-12-20', 33, 7, '10.00', 1, '2025-12-21 12:13:52'),
(124, '2025-12-20', 5, 7, '4.00', 1, '2025-12-21 12:21:08'),
(125, '2025-12-21', 47, 7, '5.00', 1, '2025-12-22 13:01:57'),
(126, '2025-12-18', 23, 7, '18.00', 1, '2025-12-22 13:05:16'),
(127, '2025-12-23', 2, 3, '10.00', 1, '2025-12-24 05:47:48'),
(128, '2025-12-23', 16, 5, '22.00', 1, '2025-12-24 05:47:57'),
(129, '2025-12-24', 17, 6, '20.00', 1, '2025-12-25 04:49:37'),
(130, '2025-12-24', 18, 6, '3.00', 1, '2025-12-25 04:49:48'),
(131, '2025-12-25', 7, 1, '2.00', 1, '2025-12-26 05:11:46'),
(132, '2025-12-25', 15, 7, '5.00', 1, '2025-12-26 05:11:57'),
(133, '2025-12-25', 22, 7, '2.00', 1, '2025-12-26 05:12:11'),
(134, '2025-12-25', 33, 7, '30.00', 1, '2025-12-26 05:12:32'),
(135, '2025-12-25', 32, 10, '1.00', 1, '2025-12-26 05:12:44'),
(136, '2025-12-25', 28, 10, '20.00', 1, '2025-12-26 05:12:58'),
(137, '2025-12-25', 29, 10, '5.00', 1, '2025-12-26 05:13:08'),
(138, '2025-12-25', 31, 10, '1.00', 1, '2025-12-26 05:13:20'),
(140, '2025-12-26', 7, 1, '4.00', 1, '2025-12-29 13:36:11'),
(141, '2025-12-26', 48, 7, '10.00', 1, '2025-12-29 13:36:23'),
(142, '2025-12-27', 48, 7, '10.00', 1, '2025-12-29 13:36:49'),
(143, '2025-12-27', 20, 7, '4.00', 1, '2025-12-29 13:37:24'),
(144, '2025-12-27', 2, 3, '15.00', 1, '2025-12-29 13:37:38'),
(145, '2025-12-26', 8, 4, '1.00', 1, '2025-12-29 13:42:37'),
(146, '2025-12-30', 2, 3, '7.00', 1, '2025-12-31 04:41:49'),
(148, '2025-12-30', 28, 10, '10.00', 1, '2025-12-31 04:42:12'),
(149, '2025-12-30', 32, 10, '1.00', 1, '2025-12-31 04:42:24'),
(150, '2025-12-30', 27, 9, '5000.00', 1, '2025-12-31 04:42:36'),
(152, '2025-12-13', 16, 5, '16.00', 1, '2025-12-31 09:44:05'),
(153, '2025-12-05', 16, 5, '17.00', 1, '2025-12-31 09:44:40'),
(154, '2025-12-09', 34, 7, '0.30', 1, '2025-12-31 10:13:51'),
(155, '2025-12-31', 7, 1, '1.00', 1, '2025-12-31 13:12:53'),
(156, '2025-12-17', 16, 5, '18.00', 1, '2025-12-31 15:03:38'),
(157, '2025-12-30', 30, 10, '1.00', 1, '2025-12-31 15:52:46');

-- --------------------------------------------------------

--
-- Struktur dari tabel `tabel_pengguna`
--

CREATE TABLE `tabel_pengguna` (
  `id_pengguna` int(11) NOT NULL,
  `nama_lengkap` varchar(100) NOT NULL,
  `email` varchar(50) NOT NULL,
  `password` varchar(255) NOT NULL,
  `role` varchar(20) NOT NULL
) ENGINE=InnoDB DEFAULT CHARSET=utf8mb4;

--
-- Dumping data untuk tabel `tabel_pengguna`
--

INSERT INTO `tabel_pengguna` (`id_pengguna`, `nama_lengkap`, `email`, `password`, `role`) VALUES
(1, 'Admin Utama', 'admin@admin', '$2y$10$tHNAIVxLHCnZ9OFLjYk12us4qABceNL8i4eYILFl8VuL7DjfnRhFS', 'admin'),
(2, 'bana', 'bana@bana', '$2y$10$wp14SN8dKjyqIx/BQjOaOuYelWKJMSjeEChlJdXdxSdZ5BO9M1QOm', 'user');

-- --------------------------------------------------------

--
-- Struktur dari tabel `tabel_satuan_unit`
--

CREATE TABLE `tabel_satuan_unit` (
  `id_satuan` int(11) NOT NULL,
  `nama_satuan` varchar(20) NOT NULL
) ENGINE=InnoDB DEFAULT CHARSET=utf8mb4;

--
-- Dumping data untuk tabel `tabel_satuan_unit`
--

INSERT INTO `tabel_satuan_unit` (`id_satuan`, `nama_satuan`) VALUES
(1, 'KG'),
(2, 'Pcs'),
(3, 'Pack');

-- --------------------------------------------------------

--
-- Struktur dari tabel `tabel_supplier`
--

CREATE TABLE `tabel_supplier` (
  `id_supplier` int(11) NOT NULL,
  `nama_supplier` varchar(100) NOT NULL,
  `kontak` varchar(50) DEFAULT NULL
) ENGINE=InnoDB DEFAULT CHARSET=utf8mb4;

--
-- Dumping data untuk tabel `tabel_supplier`
--

INSERT INTO `tabel_supplier` (`id_supplier`, `nama_supplier`, `kontak`) VALUES
(1, 'Bahan kue\r\n', '08123456789'),
(2, 'Vendor_Beans', '08123456789'),
(3, 'vendor uht', '08123456789'),
(4, 'vendor sirup', '08123456789'),
(5, 'vendor galon', '08123456789'),
(6, 'vendor bahan kopi', '08123456789'),
(7, 'vendor bahan ', '08123456789'),
(8, 'vendor bahan 1', '08123456789'),
(9, 'sablon', '08123456789'),
(10, 'Plastik ', '08123456789');

-- --------------------------------------------------------

--
-- Struktur dari tabel `tabel_tujuan`
--

CREATE TABLE `tabel_tujuan` (
  `id_tujuan` int(11) NOT NULL,
  `nama_tujuan` varchar(100) NOT NULL
) ENGINE=InnoDB DEFAULT CHARSET=utf8mb4;

--
-- Dumping data untuk tabel `tabel_tujuan`
--

INSERT INTO `tabel_tujuan` (`id_tujuan`, `nama_tujuan`) VALUES
(1, 'Produksi '),
(6, 'Distribusi Gerobak (Umum)'),
(7, 'Lain-lain (Darurat/Event/Rusak)'),
(8, 'Non-Produksi');

--
-- Indexes for dumped tables
--

--
-- Indeks untuk tabel `tabel_barang`
--
ALTER TABLE `tabel_barang`
  ADD PRIMARY KEY (`id_barang`),
  ADD KEY `fk_id_satuan` (`id_satuan`);

--
-- Indeks untuk tabel `tabel_barang_keluar`
--
ALTER TABLE `tabel_barang_keluar`
  ADD PRIMARY KEY (`id_keluar`),
  ADD KEY `fk_keluar_barang` (`id_barang`),
  ADD KEY `fk_keluar_tujuan` (`id_tujuan`),
  ADD KEY `fk_keluar_pengguna` (`id_pengguna_pencatat`);

--
-- Indeks untuk tabel `tabel_barang_masuk`
--
ALTER TABLE `tabel_barang_masuk`
  ADD PRIMARY KEY (`id_masuk`),
  ADD KEY `fk_masuk_barang` (`id_barang`),
  ADD KEY `fk_masuk_supplier` (`id_supplier`),
  ADD KEY `fk_masuk_pengguna` (`id_pengguna_pencatat`);

--
-- Indeks untuk tabel `tabel_pengguna`
--
ALTER TABLE `tabel_pengguna`
  ADD PRIMARY KEY (`id_pengguna`),
  ADD UNIQUE KEY `username` (`email`);

--
-- Indeks untuk tabel `tabel_satuan_unit`
--
ALTER TABLE `tabel_satuan_unit`
  ADD PRIMARY KEY (`id_satuan`);

--
-- Indeks untuk tabel `tabel_supplier`
--
ALTER TABLE `tabel_supplier`
  ADD PRIMARY KEY (`id_supplier`);

--
-- Indeks untuk tabel `tabel_tujuan`
--
ALTER TABLE `tabel_tujuan`
  ADD PRIMARY KEY (`id_tujuan`);

--
-- AUTO_INCREMENT untuk tabel yang dibuang
--

--
-- AUTO_INCREMENT untuk tabel `tabel_barang`
--
ALTER TABLE `tabel_barang`
  MODIFY `id_barang` int(11) NOT NULL AUTO_INCREMENT, AUTO_INCREMENT=49;

--
-- AUTO_INCREMENT untuk tabel `tabel_barang_keluar`
--
ALTER TABLE `tabel_barang_keluar`
  MODIFY `id_keluar` int(11) NOT NULL AUTO_INCREMENT, AUTO_INCREMENT=1300;

--
-- AUTO_INCREMENT untuk tabel `tabel_barang_masuk`
--
ALTER TABLE `tabel_barang_masuk`
  MODIFY `id_masuk` int(11) NOT NULL AUTO_INCREMENT, AUTO_INCREMENT=158;

--
-- AUTO_INCREMENT untuk tabel `tabel_pengguna`
--
ALTER TABLE `tabel_pengguna`
  MODIFY `id_pengguna` int(11) NOT NULL AUTO_INCREMENT, AUTO_INCREMENT=9;

--
-- AUTO_INCREMENT untuk tabel `tabel_satuan_unit`
--
ALTER TABLE `tabel_satuan_unit`
  MODIFY `id_satuan` int(11) NOT NULL AUTO_INCREMENT, AUTO_INCREMENT=4;

--
-- AUTO_INCREMENT untuk tabel `tabel_supplier`
--
ALTER TABLE `tabel_supplier`
  MODIFY `id_supplier` int(11) NOT NULL AUTO_INCREMENT, AUTO_INCREMENT=14;

--
-- AUTO_INCREMENT untuk tabel `tabel_tujuan`
--
ALTER TABLE `tabel_tujuan`
  MODIFY `id_tujuan` int(11) NOT NULL AUTO_INCREMENT, AUTO_INCREMENT=9;

--
-- Ketidakleluasaan untuk tabel pelimpahan (Dumped Tables)
--

--
-- Ketidakleluasaan untuk tabel `tabel_barang`
--
ALTER TABLE `tabel_barang`
  ADD CONSTRAINT `fk_id_satuan` FOREIGN KEY (`id_satuan`) REFERENCES `tabel_satuan_unit` (`id_satuan`) ON UPDATE CASCADE;

--
-- Ketidakleluasaan untuk tabel `tabel_barang_keluar`
--
ALTER TABLE `tabel_barang_keluar`
  ADD CONSTRAINT `fk_keluar_barang` FOREIGN KEY (`id_barang`) REFERENCES `tabel_barang` (`id_barang`),
  ADD CONSTRAINT `fk_keluar_pengguna` FOREIGN KEY (`id_pengguna_pencatat`) REFERENCES `tabel_pengguna` (`id_pengguna`),
  ADD CONSTRAINT `fk_keluar_tujuan` FOREIGN KEY (`id_tujuan`) REFERENCES `tabel_tujuan` (`id_tujuan`);

--
-- Ketidakleluasaan untuk tabel `tabel_barang_masuk`
--
ALTER TABLE `tabel_barang_masuk`
  ADD CONSTRAINT `fk_masuk_barang` FOREIGN KEY (`id_barang`) REFERENCES `tabel_barang` (`id_barang`),
  ADD CONSTRAINT `fk_masuk_pengguna` FOREIGN KEY (`id_pengguna_pencatat`) REFERENCES `tabel_pengguna` (`id_pengguna`),
  ADD CONSTRAINT `fk_masuk_supplier` FOREIGN KEY (`id_supplier`) REFERENCES `tabel_supplier` (`id_supplier`);
COMMIT;

/*!40101 SET CHARACTER_SET_CLIENT=@OLD_CHARACTER_SET_CLIENT */;
/*!40101 SET CHARACTER_SET_RESULTS=@OLD_CHARACTER_SET_RESULTS */;
/*!40101 SET COLLATION_CONNECTION=@OLD_COLLATION_CONNECTION */;
